Price,Close,High,Low,Open,Volume
Ticker,UNP,UNP,UNP,UNP,UNP
Date,,,,,
2020-01-02,158.72994995117188,158.8257440531438,156.7269908205662,157.5804207275086,2444800
2020-01-03,157.60653686523438,157.78942133684683,155.2639466400289,156.35250988310761,2344200
2020-01-06,156.25672912597656,156.82279003357797,154.95917013385323,156.4918625272303,3142500
2020-01-07,155.0723876953125,156.38736744457208,154.6717905338524,156.08256438988766,4096400
2020-01-08,156.77056884765625,157.66754413212726,154.55860031629996,154.9156523428138,2817500
2020-01-09,155.96934509277344,157.4759128841872,155.50779534576156,157.19723431867982,3311100
2020-01-10,154.95916748046875,156.69215177732215,154.85466965420162,155.9693574281392,2944300
2020-01-13,156.66600036621094,156.7443870105512,154.69788301074664,155.00268600241935,2035200
2020-01-14,157.4497833251953,159.13051852149937,156.88372249040705,157.18852550053342,2805900
2020-01-15,157.4497833251953,158.86055697499458,157.30174032511607,158.1725908819057,3450700
2020-01-16,160.1494598388672,160.38459327999794,157.54562440193845,158.11167211741108,3227400
2020-01-17,161.3860321044922,161.6734010956478,159.3656524276558,159.95782442996128,4008600
2020-01-21,158.89540100097656,160.69805477277592,157.72845113708513,160.37584431376774,3440900
2020-01-22,157.56300354003906,159.72272274435238,157.13629522102775,159.60080418347394,2993900
2020-01-23,163.0145263671875,163.44123465790506,157.56299309250446,159.8010855186684,4950500
2020-01-24,161.6995086669922,164.55591042970354,160.69803594313086,162.10010572941087,2734000
2020-01-27,155.42074584960938,160.20172160256425,155.27270280579341,158.5209726215877,4183900
2020-01-28,156.43960571289062,158.21613514076788,156.27414196807283,156.98824585873368,3264500
2020-01-29,158.30325317382812,160.47167639219964,157.13631632184448,158.14650641227584,2270800
2020-01-30,159.42660522460938,159.80106455616905,155.89094108112454,156.46570559238367,2994400
2020-01-31,156.24803161621094,158.90412891932127,155.44685056362354,158.22486643369004,3653700
2020-02-03,157.00570678710938,158.53841291332023,156.23064999851613,157.51080191614426,2493100
2020-02-04,159.57467651367188,161.12478959425474,159.10440972537634,159.10440972537634,1857900
2020-02-05,161.18572998046875,161.84758492286616,160.55871650247397,161.84758492286616,2133500
2020-02-06,162.07403564453125,163.43256070545073,160.96805145749937,162.6836285195428,2932400
2020-02-07,160.0884552001953,161.67339626166046,159.56593956474,160.898339818214,2221400
2020-02-10,160.81997680664062,160.95061236797196,158.1290516735957,158.48610360452574,1782800
2020-02-11,159.62696838378906,161.69958443475804,159.45280086604552,161.6908807097163,1521700
2020-02-12,160.98544311523438,161.9433840944578,159.96654950358345,160.9506149378652,2612200
2020-02-13,160.79385375976562,161.58633099248743,159.63562087073964,160.20168173188048,1861500
2020-02-14,160.2364959716797,161.56889620665513,159.06084245228988,160.7241701376675,2134800
2020-02-18,158.58189392089844,160.66322624916202,158.19871754446078,159.76625122619436,3164400
2020-02-19,159.8010711669922,161.5427722151338,159.08696735895438,159.34822517380053,2807200
2020-02-20,159.7139892578125,160.68935093235174,158.19871777007995,159.6530366277242,2190900
2020-02-21,158.25094604492188,159.21759058332486,157.43234448957406,158.59928091233127,2890700
2020-02-24,153.96641540527344,154.84596987989084,151.87636563039243,153.43519591573892,6785100
2020-02-25,148.81968688964844,155.11593420797476,148.05333396326736,154.53246578925393,7631700
2020-02-26,144.34349060058594,150.50041087660068,144.16060612318535,147.7223952662419,4921400
2020-02-27,139.8234405517578,144.65883719908413,136.93272722569276,140.5592713696005,7914700
2020-02-28,139.9899139404297,140.13882846019845,133.8405502649629,135.7852207147571,7045800
2020-03-02,140.4541473388672,141.88199410949554,136.0567524737711,140.6731415863207,7064800
2020-03-03,137.82623291015625,146.8312763768459,136.9590241406281,140.76951648381336,5654000
2020-03-04,142.0572052001953,142.76674451506253,138.59709831635595,140.0249452715849,4415000
2020-03-05,135.7413787841797,139.98110353734634,134.65516267647877,138.08899033025932,4901900
2020-03-06,136.73121643066406,137.4670337397276,130.41543114501718,130.97605576616255,4643300
2020-03-09,118.99270629882812,127.52472664807898,116.6626043917884,127.19185112811685,9400200
2020-03-10,128.6109161376953,128.76858554087946,121.90968580912838,124.23978723160037,8090300
2020-03-11,124.00332641601562,125.64139945156352,121.68199225514023,124.40628179661049,7074800
2020-03-12,115.67277526855469,124.5464139370307,109.4971342249951,114.00841080852513,8805200
2020-03-13,126.00932312011719,126.00932312011719,118.09048190070175,122.24261855997607,7886400
2020-03-16,109.584716796875,119.01898575314422,107.13198530898693,112.1688528490963,7102700
2020-03-17,112.67692565917969,116.25091341907982,105.45010873421847,111.53815288720419,8021700
2020-03-18,100.80744934082031,108.0167373507131,92.04767807414858,105.79175464699746,10869900
2020-03-19,106.56259155273438,108.34082359595176,97.82910076329088,100.10663937373273,8514300
2020-03-20,103.22512817382812,110.1541095659817,99.38835125651836,108.70874615551885,6668100
2020-03-23,99.89640808105469,104.53908171565334,96.01583008445472,96.69909100811151,6011000
2020-03-24,112.88715362548828,113.97336993577812,104.06607203652811,106.3085710559085,7018900
2020-03-25,116.42607116699219,123.59155445023046,111.24904545031852,111.58191420399169,6923200
2020-03-26,124.81798553466797,125.60635960177449,117.3984582058192,120.03514454401785,6068600
2020-03-27,121.80459594726562,125.80780360490714,117.5210692535136,118.79998809831261,4962400
2020-03-30,122.8119888305664,125.53627819244532,119.41320671401478,120.481886497106,3309200
2020-03-31,123.54778289794922,126.76263006035947,120.47310862152753,120.63954638030788,4247100
2020-04-01,119.5621109008789,120.85855317641033,116.06695770233435,117.40720150309868,5125600
2020-04-02,124.21354675292969,124.71284671445513,118.0817074824246,118.493417759895,6009000
2020-04-03,121.3841552734375,124.87054044947972,119.64971096150767,123.39889194538927,4088000
2020-04-06,129.51316833496094,130.77456363211033,127.63857861736429,127.69989003960231,4865900
2020-04-07,127.68238067626953,134.47120125484523,127.2443922518453,133.43755498905008,4729000
2020-04-08,131.06369018554688,132.08858179453404,127.37583405829605,129.22414628467885,3625600
2020-04-09,130.28404235839844,134.19090526648782,128.81240756231972,132.5002628760971,4535900
2020-04-13,128.68104553222656,130.59068278167896,126.75389836252005,129.50446624011465,2525000
2020-04-14,130.4943389892578,132.5616459446079,129.47820211692326,130.5994519876535,2235900
2020-04-15,128.47079467773438,129.1365324099444,125.81658534097706,127.24441881353856,3457000
2020-04-16,126.13192749023438,128.78613661410245,123.74926908579836,128.4007046124514,5015300
2020-04-17,131.3002166748047,132.14116063406348,129.3029898087097,130.1614436874889,5081400
2020-04-20,128.42701721191406,130.67827165463532,126.63126128723952,129.0401985757087,4289200
2020-04-21,126.4998550415039,127.72621762354939,123.70548597989702,124.8354905471854,4049200
2020-04-22,128.85626220703125,129.95998875914313,126.90282326443429,128.35694874556359,3970600
2020-04-23,133.40255737304688,138.6321421486247,133.1485298748747,137.45833594844146,6233300
2020-04-24,136.73121643066406,138.46566013018642,134.40988324147116,137.07284685032536,4800200
2020-04-27,139.24534606933594,141.2338047534834,138.42192533625027,140.0599984756749,4633800
2020-04-28,141.34764099121094,142.3112209814176,139.2803348574155,141.48780051094053,3173000
2020-04-29,142.82806396484375,145.6136646321436,142.59154641331946,144.67637611756103,2778600
2020-04-30,139.97239685058594,141.77692118694827,138.6058744991742,140.62937977848404,3757000
2020-05-01,137.2130584716797,138.1415921000881,135.5487072546854,138.1415921000881,3089000
2020-05-04,135.61874389648438,135.9516060142069,133.49011317594207,135.8990495412163,2416100
2020-05-05,136.98526000976562,139.43798442380708,136.54727159778028,137.15169774493535,2269500
2020-05-06,135.16323852539062,137.6422547596925,134.80408478798347,137.16046479077397,2095200
2020-05-07,136.84515380859375,138.36935888783606,136.24948238579128,137.14298283681958,2411500
2020-05-08,138.63209533691406,139.59567524533608,138.29923321374255,139.00877234342317,2309300
2020-05-11,137.39697265625,138.3605391601319,136.4771943012773,137.24804483111367,2857400
2020-05-12,134.89169311523438,137.68604831186585,134.89169311523438,136.93272097899737,2683500
2020-05-13,133.79673767089844,134.85666240231637,131.86957749314064,133.97193040532673,3499700
2020-05-14,133.53392028808594,133.74414618885805,128.8124053489426,132.1060736690573,3930400
2020-05-15,132.48281860351562,133.91942091611267,131.18636250783146,132.2638242670444,5127700
2020-05-18,139.3854522705078,140.90965702201765,136.50349389804288,137.9313406474513,5423000
2020-05-19,139.50811767578125,142.70544232927236,139.06137413611214,139.38548140804753,3136400
2020-05-20,145.4384307861328,147.77728729849989,143.7915900824237,144.53617572816765,4294300
2020-05-21,143.3010711669922,145.39465561770442,142.79300291386207,144.7551961639148,2277100
2020-05-22,144.67637634277344,144.91288052831655,142.0484451281661,143.37992065312895,1773900
2020-05-26,148.8284454345703,149.8007801679706,147.40936736768407,149.19636743431707,4150500
2020-05-27,152.27981567382812,152.49005493423797,149.87964760762708,150.54538521607222,3174400
2020-05-28,150.20094299316406,152.9581402256864,149.16149651883867,152.4295994629566,4065700
2020-05-29,149.6283721923828,151.02018369121834,148.30703369313582,149.91906827517917,3677000
2020-06-01,149.31124877929688,150.16571540809113,147.79611290811636,149.18792439170545,2929800
2020-06-02,150.57974243164062,152.83482472655757,149.31125528041215,150.4123707323326,3000000
2020-06-03,156.8428497314453,157.54756613852717,152.4119632997204,152.9581121305688,3897900
2020-06-04,155.4158172607422,156.52575012709437,154.38517491437898,155.3717834001753,2933300
2020-06-05,162.81533813476562,165.45801524110882,160.70118838488057,161.30020218515415,5608600
2020-06-08,160.0228729248047,163.8371375884994,158.4372643493944,162.04892757997627,3436600
2020-06-09,156.93975830078125,158.93056984306548,155.91792011815113,156.85166370383618,3569700
2020-06-10,154.53494262695312,157.46831584358856,154.11211805126317,156.66671399915256,3321200
2020-06-11,143.84085083007812,149.8749664932122,143.77039129745074,149.7516421490962,6234700
2020-06-12,146.3866424560547,148.48316995141732,143.10973621613994,148.1748657817942,3373000
2020-06-15,147.92823791503906,148.9941235153161,142.18482978019793,142.45790424337184,2948600
2020-06-16,150.60617065429688,153.69809805628466,148.3070410144544,152.6498339778508,3554000
2020-06-17,150.7823486328125,152.87887682015193,150.3419024382522,151.68966671829864,3463800
2020-06-18,150.50047302246094,151.41659521099828,149.50506030191394,149.77813479730435,2714800
2020-06-19,147.85775756835938,152.8612186914277,146.93281809247338,152.8612186914277,7119600
2020-06-22,148.1660919189453,148.73868001642333,146.14003680738983,147.16187516853617,2647600
2020-06-23,149.18788146972656,150.86157102570422,149.08217872258794,150.07757762128472,2881400
2020-06-24,145.83169555664062,148.82672343744065,145.37362788311742,147.7344257931087,3206300
2020-06-25,147.1266632080078,147.32046062553712,143.39167431904087,145.47938515900856,3441100
2020-06-26,143.268310546875,148.11321777120426,142.8190603522318,147.14423094979895,8491200
2020-06-29,145.7964630126953,146.17525364775364,142.8807119847192,144.32537465337663,2658700
2020-06-30,148.93247985839844,149.93669662531332,144.78347087006404,144.97726826730647,4068600
2020-07-01,147.00331115722656,150.39473844354072,146.43072309807107,149.30244059525293,2914100
2020-07-02,148.94125366210938,150.35949063103328,147.89298980142456,149.02933481663402,2271400
2020-07-06,151.65440368652344,151.83057943745058,149.84857199648667,150.70303850189896,2498100
2020-07-07,149.5579071044922,151.68966504975316,149.09103521870182,150.1040560785071,2380800
2020-07-08,148.90602111816406,151.76011686798705,148.68579805404855,149.39051454748807,3362600
2020-07-09,146.21932983398438,149.30245313950184,145.1005927566898,149.30245313950184,2977500
2020-07-10,146.57164001464844,147.3380118615062,145.05650448564776,146.22809262384868,2300300
2020-07-13,149.0205535888672,150.59735838392703,146.85356598806624,148.19251264951959,2975900
2020-07-14,151.4165802001953,152.03320213532686,147.99871370068033,148.2189367804666,3015300
2020-07-15,153.61878967285156,154.57895894150593,152.764323166589,153.95353300889,2493000
2020-07-16,155.80337524414062,157.13353086482752,153.24879363203448,153.46901664829696,3319700
2020-07-17,159.66172790527344,160.78046487955314,155.821036974974,156.65788196400064,6132900
2020-07-20,156.26145935058594,159.4767103503481,155.29247260036706,158.79843306654251,2885700
2020-07-21,157.3802490234375,158.91299329059976,156.6491066738138,156.6491066738138,2230700
2020-07-22,158.01446533203125,158.9922563242743,156.0676874316735,156.21743750995492,2951300
2020-07-23,154.1561279296875,158.13776425464877,152.25339763903193,157.4770951349501,4010600
2020-07-24,155.1427459716797,155.97960440111228,153.9095021409627,154.71992143562667,2720300
2020-07-27,155.75936889648438,157.89112645734917,154.20898998578375,154.6582536207475,2738200
2020-07-28,153.6364288330078,156.1645854256027,153.35453684595973,155.3541661248641,1965800
2020-07-29,156.78123474121094,157.13359978659258,153.53073944483288,153.66288137735802,2736700
2020-07-30,152.2181854248047,155.40701110914156,151.83939476298417,154.92251767720796,2775500
2020-07-31,152.7026824951172,153.00218264513975,147.61112617933557,151.87464159923755,5089500
2020-08-03,151.5662841796875,153.66281156278572,151.21393273574398,153.1518925601254,1982800
2020-08-04,152.9933624267578,153.0109840356694,151.02897643561838,151.40776709979642,1719600
2020-08-05,156.3319549560547,156.79002270801362,153.52190641517797,153.68927810001006,3040300
2020-08-06,158.21705627441406,159.0627187417354,156.09410274324233,156.56097455664042,1971400
2020-08-07,161.14158630371094,161.16802543289802,157.81181522236858,158.27868696267578,2192500
2020-08-10,164.59471130371094,164.96468441105642,161.59966978879564,161.8639401344276,3368600
2020-08-11,167.67787170410156,170.7962248484811,166.18916141535257,167.07885788978814,4215200
2020-08-12,168.9815673828125,170.45265587481668,168.04782371830024,169.00799307585723,2869900
2020-08-13,167.1228790283203,168.84942031408863,166.5679126086488,167.36952778343007,2248800
2020-08-14,169.06082153320312,170.56715303920487,166.62074648932733,167.00834118988206,2502700
2020-08-17,170.778564453125,171.85325399947178,169.44842208605232,170.01219254959912,3563000
2020-08-18,167.9861602783203,171.23665504218602,167.89807911241888,170.89310758006565,1688500
2020-08-19,168.20639038085938,169.28988420028742,168.0125929898917,168.8054041642187,1702000
2020-08-20,167.29905700683594,168.03019919822262,165.678218468541,166.77052971374806,2082300
2020-08-21,168.75253295898438,168.94631688584715,166.27721447252623,167.77474203440698,2059300
2020-08-24,169.62460327148438,170.0650493802871,168.33850816093565,169.1753530793911,2045100
2020-08-25,171.68589782714844,171.85326950885053,169.81841051836577,170.6288297927686,2062000
2020-08-26,171.1749725341797,172.0734728677513,169.40437067407257,170.6728575465828,1513300
2020-08-27,171.28070068359375,172.47871474729615,171.1397546898994,171.84447121702135,1536000
2020-08-28,172.7502899169922,173.20179248813645,170.73178717380583,171.32494237819722,1849500
2020-08-31,170.3688201904297,173.68872804539157,170.0146885806566,172.63520845801867,2061600
2020-09-01,173.34344482421875,173.42311936450668,169.17363493554822,170.19174803793564,1888100
2020-09-02,173.76840209960938,174.90159623019406,172.12172726786292,173.6001912740361,3394400
2020-09-03,168.69558715820312,175.25572832117356,167.58895120663888,175.06980753746532,4180800
2020-09-04,169.2178955078125,171.85611151307918,167.03118205273364,169.97041326686352,3624500
2020-09-08,167.0223846435547,169.5012523295291,166.88073197378654,168.78414075460609,2692700
2020-09-09,170.74063110351562,172.59092298677888,168.32374221025228,168.3768585691994,2750700
2020-09-10,170.93539428710938,172.3164736077864,170.01466573416616,171.56395585828884,2084700
2020-09-11,173.4674072265625,174.6979859096516,171.6348115391168,171.75875422990492,1912900
2020-09-14,176.03477478027344,176.92894519312912,173.43196509832725,174.6094272643857,1663600
2020-09-15,179.15992736816406,179.5848852943461,176.63680553656314,176.63680553656314,2328200
2020-09-16,178.31886291503906,182.17880908828175,178.04441940070387,180.37278542407537,2994700
2020-09-17,178.5225067138672,180.00098423625187,174.24647727486897,175.85773219951153,2611300
2020-09-18,176.88470458984375,181.07221151776022,176.78732007948568,178.13299326568628,4164700
2020-09-21,171.74990844726562,174.3261603160723,168.85494486779484,173.52052606012404,2980600
2020-09-22,174.68911743164062,175.28227263369553,171.94465508542737,172.05088780557494,1864500
2020-09-23,172.03318786621094,177.78769424220468,171.42232272028423,175.37965357032056,2199000
2020-09-24,173.22836303710938,175.5478676600089,170.81147391049134,172.015494361584,1704900
2020-09-25,175.4239044189453,176.6456346844867,172.33418586150802,172.66174574075225,1712100
2020-09-28,176.57484436035156,179.00944365551715,176.29155255782294,178.46940472605806,2070900
2020-09-29,174.6182861328125,177.3981548035092,174.0959437532679,176.69875339252454,2294800
2020-09-30,174.2906951904297,179.00939152578445,173.80378628018303,175.40619264278035,3606200
2020-10-01,171.9534912109375,175.2911085243785,170.06779301729864,175.2911085243785,3147100
2020-10-02,173.8303985595703,175.81348174320757,168.97889632247828,169.12054898094982,3231400
2020-10-05,178.2303466796875,179.05367725282383,174.80419296485346,175.46817446270074,3376200
2020-10-06,176.5394287109375,180.60299280699732,176.4331824704019,178.83237523045813,3403800
2020-10-07,181.15187072753906,182.00177306493498,177.9470573996553,178.01788372016657,2214500
2020-10-08,180.40821838378906,181.93095053465663,178.44283185205856,181.3909116496543,1720300
2020-10-09,182.17884826660156,182.79856174010425,181.08992219825106,181.16959675011415,1724600
2020-10-12,182.68345642089844,184.87016999984317,181.89553221491659,184.7462138129299,2035500
2020-10-13,179.7176513671875,183.13494320939583,179.49632421033135,181.94863289074394,1882400
2020-10-14,181.3201141357422,181.8158849596782,180.10724526227432,180.2577461546305,2053100
2020-10-15,184.861328125,185.41021525748576,178.04445307565726,178.9740300161904,2588200
2020-10-16,185.7820281982422,186.75585962158743,183.98485269436492,185.35707031402134,3329500
2020-10-19,182.07260131835938,186.49028334864153,181.63879516639972,184.48949043072994,2110300
2020-10-20,183.06414794921875,185.994517841641,182.38245640802782,182.86053071282038,1569500
2020-10-21,176.60137939453125,179.07139828418832,175.86657153708347,177.10601184830125,4141200
2020-10-22,165.67666625976562,171.98892148715112,164.51691404738932,171.74103613681442,7578800
2020-10-23,166.56198120117188,167.98732877353936,163.78211237472874,163.79982233148644,3897100
2020-10-26,163.51654052734375,165.49077546390484,161.12620935405917,165.1366573303593,4007100
2020-10-27,158.97486877441406,163.5076443977447,157.64690589957232,163.32172365142262,4542000
2020-10-28,153.48597717285156,157.77973011198742,153.22039534877288,155.62842277577158,4092200
2020-10-29,155.8497314453125,157.283940668578,151.83043604999133,153.00789819550923,5987900
2020-10-30,156.8678436279297,157.04490265818333,153.27349262970185,155.18574906867468,3747900
2020-11-02,158.6827392578125,160.8517429121623,156.6111065939185,159.10768365941735,3726500
2020-11-03,164.1185760498047,165.51736579971703,160.08156943423103,160.68357303081126,3983600
2020-11-04,165.3225555419922,169.74023741737724,165.0215403099933,167.87223547436963,4391900
2020-11-05,170.04129028320312,171.661393714676,167.58898079906717,167.87227262814594,3998900
2020-11-06,168.27064514160156,169.8110737626145,167.35876467643183,169.3153030106223,1999600
2020-11-09,175.2911376953125,183.94945644623024,173.81267366004224,177.0617552477904,4487000
2020-11-10,178.17724609375,180.16034268969713,175.24687609641185,176.0525103549598,4279800
2020-11-11,177.06175231933594,178.78810170270154,175.0609593812737,178.46054178370744,3134800
2020-11-12,177.49551391601562,178.20374994050098,175.06976365507086,176.64561177440243,2923200
2020-11-13,180.1072235107422,181.0633586308929,178.026742437904,178.9651675996982,2292000
2020-11-16,183.0022430419922,185.8617875437439,181.06341402536145,182.81632219421837,3066200
2020-11-17,182.24081420898438,182.9047957810228,178.46939023421254,181.58568086142682,2481000
2020-11-18,180.6295623779297,184.03800683115267,180.558736049354,181.6122557352135,2244200
2020-11-19,181.0898895263672,181.3112166918825,177.61948119213585,179.38123678404523,1965000
2020-11-20,180.06295776367188,182.36476606598535,179.37241797472592,181.35551456608428,1911100
2020-11-23,183.6042022705078,183.74585492892146,181.16960292757972,181.63881553842657,2133300
2020-11-24,184.76393127441406,186.92408676068936,184.5780240039703,185.43677456218202,2726100
2020-11-25,183.4713897705078,184.6754102079526,182.43558015655552,184.6754102079526,2046900
2020-11-27,182.91102600097656,184.8767651407465,182.34176444997462,184.62771406044976,1429300
2020-11-30,181.52345275878906,183.89834144037496,180.4649788759131,183.65818019303575,2537000
2020-12-01,180.02914428710938,185.26813431648813,179.7889965965757,182.96440487736737,4481200
2020-12-02,181.06089782714844,181.92368665609496,179.1663183366607,179.584371215522,2676300
2020-12-03,179.9046173095703,182.5730335391103,179.50435758959267,181.9148328887412,4152100
2020-12-04,183.27569580078125,183.604796075186,179.7622843551226,179.7622843551226,2979900
2020-12-07,182.33287048339844,183.16896276415068,181.29218987025882,182.8754489472335,2071800
2020-12-08,182.52857971191406,183.85388448442598,180.74963547196361,181.14099180404804,2043600
2020-12-09,183.12449645996094,184.11181090536607,181.3010761778009,181.3010761778009,1937700
2020-12-10,180.13584899902344,182.99994953937744,179.1307414311576,182.31505239131093,2206000
2020-12-11,180.6162109375,181.2299488868884,177.89442835522786,178.4992628969471,1919600
2020-12-14,176.11544799804688,182.75091478835577,176.03539877902773,182.581912944472,2163000
2020-12-15,178.16127014160156,179.15747458289135,175.63517255274957,176.83595178346116,1959500
2020-12-16,176.87147521972656,178.78383418634706,176.6579970988626,178.6415154391044,2094900
2020-12-17,179.85128784179688,180.3938664620334,177.01386916739278,177.92113467073102,2705900
2020-12-18,181.09654235839844,181.88817206043524,178.54374795741091,179.75343067232575,5918600
2020-12-21,180.1092071533203,181.2744134116562,177.54752320858574,177.54752320858574,2035100
2020-12-22,179.24639892578125,181.01643949667627,179.1752395380282,179.52213307065844,1444200
2020-12-23,178.9351043701172,181.01646586913412,178.8283720590704,180.41163134351243,1787600
2020-12-24,180.90972900390625,181.31889213973113,178.3213619480412,179.01514909691494,691700
2020-12-28,182.91990661621094,183.71153613274242,181.0520236081247,181.42560020974196,1790200
2020-12-29,181.82586669921875,183.9694975011776,180.90082178039341,183.4980784215456,1735200
2020-12-30,183.2134246826172,183.67595388731326,181.99485247937082,182.22611029558655,1279700
2020-12-31,185.2058563232422,185.58832275905004,182.92881023139142,183.54254806770194,1739900
2021-01-04,180.57171630859375,185.9263418594394,179.12188609363258,185.04575964234294,2642400
2021-01-05,182.7864990234375,183.62260488882987,180.43829344748687,180.47386635627842,2127300
2021-01-06,186.61123657226562,188.22117879194536,182.45740377712448,182.8309804049839,2512400
2021-01-07,189.20849609375,189.76886782995075,186.00639127584057,187.33170952008265,2023000
2021-01-08,194.63429260253906,196.82238638117605,193.00655702111695,193.9049189614819,3922900
2021-01-11,193.32675170898438,196.5644293646651,192.97095475259488,195.84394561757617,2969500
2021-01-12,194.47415161132812,196.07520387699591,190.2224766666613,193.0687842654789,3226000
2021-01-13,192.66848754882812,194.79432461243866,191.556647796474,193.53127628243593,1466000
2021-01-14,192.2682647705078,194.01162223557316,191.86800509746584,193.8604136289691,1720000
2021-01-15,192.65968322753906,193.47799601980284,189.6799459397885,190.80067602157547,2325200
2021-01-19,191.4855194091797,194.63425769783154,191.3521040462134,194.09167926799407,2841900
2021-01-20,194.06500244140625,194.3140670981529,191.86801899736795,193.09548117880266,3239600
2021-01-21,184.92120361328125,192.9264507579647,184.9123137802467,186.78910004261306,6344000
2021-01-22,184.23635864257812,185.89966711044082,180.77631274977688,184.66330144623336,4290300
2021-01-25,183.640380859375,184.25410509110728,178.89059043256944,182.4840646345382,4815200
2021-01-26,177.9388885498047,184.39645082782096,177.36072356668979,184.39645082782096,3867700
2021-01-27,172.85107421875,176.82701465757825,171.79260049682398,174.354283886207,3791000
2021-01-28,179.0418243408203,182.32397840196296,173.83842095191923,175.56399891366755,3406500
2021-01-29,175.64404296875,178.60598645932646,175.02141526178184,177.2628750068672,3508000
2021-02-01,176.64913940429688,178.5259258116793,176.35561202430642,176.8448243242905,2228700
2021-02-02,183.16893005371094,184.23630712276844,177.92994144306454,178.3746773644174,3714100
2021-02-03,181.7724609375,183.16003479948458,181.32772502931198,182.4662478684923,1731600
2021-02-04,181.8525848388672,183.8094209242047,180.90085666200287,182.1461122875081,2552100
2021-02-05,181.63018798828125,184.72554688954287,181.3277707518008,183.7204527127383,2097000
2021-02-08,181.5590362548828,182.60862036471343,179.78009209852374,182.60862036471343,1995400
2021-02-09,182.0304718017578,182.87548121011773,180.14479516892948,181.84369024894943,1526600
2021-02-10,181.007568359375,183.40025042718693,180.2959879806096,183.1689790000347,1766800
2021-02-11,184.32528686523438,184.8945484273763,181.76361662172883,182.43961048543918,2658000
2021-02-12,189.59983825683594,190.08014712318806,183.41801110993364,183.41801110993364,3318300
2021-02-16,190.338134765625,191.61007332186472,187.19829941757757,189.786652848389,2936300
2021-02-17,187.8831787109375,190.24028780423163,186.62013001926738,189.67102623091176,3042700
2021-02-18,184.17405700683594,186.6023115933353,181.59459381979784,186.09531964708944,3621400
2021-02-19,185.95303344726562,188.17671367804658,184.92124256283915,185.04576811287222,3120800
2021-02-22,183.96951293945312,187.11823814804617,183.83608398336457,184.2452471141958,2775900
2021-02-23,184.08511352539062,185.0813177272024,182.0571050724299,184.4320070293975,2677500
2021-02-24,187.81201171875,189.41306407026585,182.75981715648436,183.54255687772897,2355200
2021-02-25,186.4627227783203,188.4464649349113,185.77466462691436,187.4545938566158,4150200
2021-02-26,184.04110717773438,187.83880906163466,183.94281317181384,187.83880906163466,3707900
2021-03-01,186.9184112548828,189.08087937308713,185.65847817588642,186.38227329049542,4118200
2021-03-02,187.0256805419922,188.2230705246182,185.26533265093437,187.24907480598526,2315500
2021-03-03,184.28236389160156,187.49924624879526,184.06791415772312,187.0524577900129,2307400
2021-03-04,179.6804962158203,184.70239547080024,177.45548418818098,184.05901882750467,3208800
2021-03-05,187.3920440673828,187.7852065053898,179.2872938991635,181.39613622530706,3187200
2021-03-08,188.44644165039062,192.72666922359673,187.80306515829463,188.16050411773804,3068500
2021-03-09,189.1702423095703,192.0922428267739,188.75026004179568,189.48299970383738,2814500
2021-03-10,190.4391326904297,192.2798991947048,188.88431738113886,189.88511929377694,2764600
2021-03-11,191.6901397705078,193.49515547372334,190.4838053796821,191.9582155945694,2573500
2021-03-12,191.30592346191406,194.35302473122678,191.15401698681848,192.8875587912933,2321100
2021-03-15,190.03701782226562,192.020759841246,187.61543180223023,191.44887111004732,2881100
2021-03-16,189.1702423095703,190.48380154964798,186.677168556202,190.43911997405232,2786100
2021-03-17,189.70640563964844,191.43100275773725,187.49033842952022,188.92898435409398,2795200
2021-03-18,192.4407501220703,194.54066160085145,188.937929793453,188.937929793453,2866600
2021-03-19,188.3660430908203,192.59265867969322,186.9452588670942,192.5032955215744,7005200
2021-03-22,184.31817626953125,188.54479268590114,182.9867413083489,187.7227032828907,5863500
2021-03-23,185.90872192382812,188.12478935627436,184.52367466545994,185.2027883658325,3661700
2021-03-24,190.24253845214844,192.83391994134632,185.86401659215971,185.86401659215971,3245100
2021-03-25,193.09303283691406,193.486208862212,189.27746921618558,189.9119011920877,2689300
2021-03-26,199.19618225097656,199.45532721528264,193.68281382353757,194.04918366416177,3653800
2021-03-29,199.2498016357422,200.11657244260726,196.80140930843146,199.08896431565756,2279800
2021-03-30,197.59671020507812,199.64299578252096,197.0694893489644,197.71286595735353,2601500
2021-03-31,196.9533233642578,198.88345308914808,195.85421376166803,197.58775544226927,3246500
2021-04-01,196.7746124267578,198.18645219751366,195.7112535327232,197.37330742699072,2551300
2021-04-05,199.68765258789062,200.7152606803637,198.4366502461927,198.58855669947724,1958400
2021-04-06,197.56985473632812,200.24164089626126,197.30177894383584,200.13441603322485,1590800
2021-04-07,197.78436279296875,198.32051453607517,196.56016646259218,197.3911866660114,1634200
2021-04-08,196.74781799316406,197.9988342327554,196.6584684556327,197.55204564038115,1983900
2021-04-09,199.4821319580078,199.5893568335324,197.0069198803938,197.20350790879075,2383700
2021-04-12,199.7591552734375,201.3050397755274,198.82982749184652,198.87450907200252,2286500
2021-04-13,198.3651580810547,199.616160395198,196.7656476562901,199.24979056216225,1799100
2021-04-14,198.9102325439453,199.6250831889077,197.9719740288046,198.8029940392793,1515300
2021-04-15,199.35702514648438,200.6080274359996,198.70470414882783,199.61615646541884,2008800
2021-04-16,199.00851440429688,201.7517883558759,198.49916903420723,200.97438082774036,2539800
2021-04-19,199.68765258789062,199.7233896684093,197.8826232363811,199.47318920006973,1911000
2021-04-20,197.1856689453125,201.35867261847997,196.71207414446494,199.06218642275383,2766000
2021-04-21,199.65191650390625,202.1360732814479,196.3099470169252,196.65844152585916,3470200
2021-04-22,194.7819061279297,197.5788064362772,193.0662399638806,195.66655224599205,4831400
2021-04-23,199.75018310546875,200.10762206229762,195.30911825917428,196.1580136249271,2975600
2021-04-26,200.6884765625,202.8062635501113,199.955750434499,200.1433939889669,2767600
2021-04-27,201.7071533203125,202.6632873542694,200.11658718607586,201.68034709832347,2239600
2021-04-28,202.1182098388672,204.02153345713202,201.51951480796004,201.66247678384337,2172900
2021-04-29,200.59014892578125,203.39597998950293,199.6340286841609,203.36917377192773,2239700
2021-04-30,198.4545440673828,200.47403713334953,196.81929626238082,199.84852222642579,3674700
2021-05-03,199.92892456054688,201.64459077870643,199.45532983737849,200.17018053543433,2771400
2021-05-04,201.6535186767578,201.8679820639647,198.93705061331826,199.41957619090516,2781500
2021-05-05,199.76808166503906,202.7883764352649,199.53575654229232,202.30583719622462,2649800
2021-05-06,203.0296173095703,203.1547175325534,200.25952341292816,200.5901425090474,1852100
2021-05-07,205.0580291748047,205.49588677713945,201.95731615057937,203.4942695541972,2073700
2021-05-10,204.12869262695312,206.64857219000027,203.94997998845832,205.63883964679962,1827200
2021-05-11,202.49346923828125,203.5657588304018,200.03613267367493,202.67218189781767,2085200
2021-05-12,198.37408447265625,202.2522051940244,198.28472132298694,201.52841004037072,2413100
2021-05-13,201.21568298339844,202.55604862107597,198.37411437627614,198.37411437627614,1915000
2021-05-14,203.61050415039062,204.95980083246576,201.79654350012223,202.62756376284835,1631800
2021-05-17,200.8403778076172,203.11900206835074,200.24168280552556,202.58286400605724,3062200
2021-05-18,198.7672882080078,201.26036226625527,198.35623675112365,201.05484335526526,2937200
2021-05-19,198.64219665527344,198.67793374074273,194.81768766953368,196.81929169352918,2832300
2021-05-20,198.32943725585938,199.2051390077332,196.7835526700719,198.39199419844556,2456000
2021-05-21,197.94515991210938,200.50079040708022,197.68601497398527,199.27658077488653,2463200
2021-05-24,199.76808166503906,200.50975224733904,198.2936849972125,198.83876753914845,2021400
2021-05-25,198.3204803466797,201.40331825081373,198.17750475517883,200.56335369437485,2372400
2021-05-26,200.0272216796875,200.89399248117422,198.2221922788189,200.4829410520029,5997100
2021-05-27,201.0327911376953,202.41551657137566,200.33245466623234,200.88914256178683,3558900
2021-05-28,201.77804565429688,202.74774557382824,201.43686483659545,202.27187621985314,1663800
2021-06-01,202.0474395751953,204.15743699232678,201.96663466144787,203.23263311172676,2133100
2021-06-02,201.52667236328125,203.23263149773524,200.84429692973498,201.33812756603461,2244600
2021-06-03,201.97561645507812,203.64565324093775,200.11703486297222,200.6467742524736,2260400
2021-06-04,203.0709991455078,203.90602431248584,201.59849475787829,203.37627127090124,1842500
2021-06-07,200.1798553466797,203.55585095685075,200.06314171362402,203.55585095685075,1926800
2021-06-08,199.1742401123047,200.64674441524673,197.2079052229267,199.48848597611604,2511500
2021-06-09,198.87794494628906,199.79377498486002,197.80947885135478,198.9497760964114,2117300
2021-06-10,197.16302490234375,200.37739715034255,196.99242762236182,199.62319057605686,3077100
2021-06-11,198.7252960205078,199.51542492029384,198.15066055713348,198.27636163660944,2029900
2021-06-14,199.88357543945312,200.00030278367694,197.71073428782572,198.05192886300765,1764200
2021-06-15,200.0811004638672,201.0238655398797,199.48850370747166,200.6467622495531,2030100
2021-06-16,199.38075256347656,200.74551703737959,197.8723394873663,200.74551703737959,2903500
2021-06-17,196.6961212158203,199.75784335896776,194.98118854916405,199.25503903166108,2962800
2021-06-18,192.87120056152344,195.09791141667085,192.60183717330932,194.25392622750678,4791300
2021-06-21,195.29541015625,196.49856459051423,193.553556438741,193.96656835615443,2962000
2021-06-22,196.62429809570312,196.96547893150884,193.9666003566578,194.58613203537664,2311100
2021-06-23,196.73202514648438,198.78813858492995,196.39981808840466,197.38746550715706,2625800
2021-06-24,196.15740966796875,197.39647307085755,194.81958014310484,197.12710967452634,3485900
2021-06-25,198.67141723632812,198.87792320761295,195.99575856320482,196.63325138811393,4337900
2021-06-28,196.75003051757812,198.895936794091,195.84317409544624,198.6535083376367,2133400
2021-06-29,196.31903076171875,197.8723538329458,195.69052526777338,197.4323931369879,2203300
2021-06-30,197.46829223632812,198.18659006598045,195.52890590677586,196.22025506620892,2828400
2021-07-01,200.71859741210938,200.82633729709877,198.70736612315602,198.89592462227978,2363900
2021-07-02,201.76905822753906,202.8554716977611,200.60182616087272,201.2123840097522,1706600
2021-07-06,200.9520263671875,202.4694269251191,198.7073542283281,202.22699849801268,2263600
2021-07-07,205.02835083007812,205.37851912237986,199.78478650123384,200.06313734417347,2610100
2021-07-08,196.0406494140625,200.42225307081927,195.2056380960796,199.41664450712656,5669000
2021-07-09,199.04852294921875,199.91046926647624,197.28869419253436,197.53112258818354,4229900
2021-07-12,198.6265869140625,199.44365101534942,197.22591342636727,198.42905463242403,3412700
2021-07-13,196.7948760986328,198.78814592145528,196.63326629156694,198.31227655568503,3465700
2021-07-14,197.57608032226562,198.79718273582,196.85778236716413,197.45935296569837,4597300
2021-07-15,197.47727966308594,198.32127858526937,195.65460696960113,196.48961843491566,2070200
2021-07-16,196.11251831054688,198.26741183382666,195.56481774800736,197.43238665469312,2958100
2021-07-19,192.44923400878906,193.84093366876215,191.19222291613855,193.18549314905107,3682600
2021-07-20,193.4727783203125,195.4121783480476,192.1349624857551,192.1349624857551,3066400
2021-07-21,195.00811767578125,196.83079015787035,194.13718388478617,194.34368986294675,2320000
2021-07-22,197.11810302734375,201.57153813866816,196.67815609987875,200.38634479035153,4194900
2021-07-23,197.6658172607422,199.0126205044912,197.055273033097,197.98007683110671,3946800
2021-07-26,197.70175170898438,199.3268921965421,196.28311722858356,197.4682970309538,2840900
2021-07-27,195.76234436035156,197.8902891517142,195.00813781409533,196.8577454538914,3199000
2021-07-28,194.44248962402344,196.70512312108886,193.5266594965744,196.4537209214585,2366200
2021-07-29,195.12484741210938,197.1989220759782,195.05301626655844,195.9149626123893,1908000
2021-07-30,196.41778564453125,197.17200589447916,194.59511296624072,194.59511296624072,2324100
2021-08-02,195.30442810058594,198.38411155394576,195.1787270147425,197.97109957205623,1990900
2021-08-03,197.5850067138672,198.1865771681888,194.96323145159164,195.65459426642303,2278400
2021-08-04,195.39425659179688,197.18999467631045,195.0081794798157,197.0283848248935,2396900
2021-08-05,196.77691650390625,197.16299348622803,195.35828224952462,196.08555373744406,2051800
2021-08-06,197.98008728027344,199.05752719206052,197.1899582847801,197.4323867175595,2480700
2021-08-09,197.4862518310547,198.0519135935833,197.02834364734528,197.42340813543564,1990000
2021-08-10,199.06649780273438,200.16188513507143,197.04629300144998,198.08781039781528,2061300
2021-08-11,203.26852416992188,203.4391214399314,199.20117946016555,199.6590876319876,3076400
2021-08-12,204.40879821777344,204.59734297872419,202.10126900709082,202.28084001288804,2015900
2021-08-13,204.53453063964844,205.22589350333786,203.45709073934273,204.79490658290226,1794100
2021-08-16,204.25619506835938,204.77696065930078,202.0474316102556,204.22027264118177,1803200
2021-08-17,202.79263305664062,203.68152803652526,200.34145524593956,203.59173568285988,2265100
2021-08-18,201.85888671875,204.9655053488759,201.2932249443132,201.51769216269076,2277500
2021-08-19,200.91612243652344,202.478405514207,199.686032758803,200.31455193299806,2110400
2021-08-20,200.86227416992188,201.81401309014834,200.34150852103713,201.07775395539608,1608900
2021-08-23,200.9251251220703,202.9902265765187,200.6826966542732,201.45486454766194,1873200
2021-08-24,198.65350341796875,201.42791516066103,198.52780231410418,200.98796814733137,2390700
2021-08-25,198.68939208984375,199.35381997199292,197.93518554279316,198.94978172895807,1744000
2021-08-26,198.41104125976562,199.48848106704497,197.1181080108742,198.71632706048032,3064500
2021-08-27,198.8151092529297,199.85664049279995,198.57269450774717,198.71635682367256,1944800
2021-08-30,197.66021728515625,199.04964308856404,197.35346290565136,198.7068056272585,3485300
2021-08-31,195.63925170898438,198.35496868061722,194.4663517432927,198.1203804273291,5434800
2021-09-01,195.72044372558594,197.1910807500187,193.79870616775628,194.91746082170582,4309800
2021-09-02,196.2617950439453,197.67830061748666,195.6573035069101,196.08135206924945,2659400
2021-09-03,193.89797973632812,196.09942004100665,193.47393113172606,195.7836344786288,4355200
2021-09-07,192.17469787597656,195.55805523294796,191.90402653403558,193.708483791087,3840100
2021-09-08,194.2047119140625,194.81822077215202,191.51607446099928,192.4543861754057,3319700
2021-09-09,189.5131378173828,194.15059270221653,188.6109091334314,193.75360987857113,3887600
2021-09-10,187.447021484375,191.20931334532506,187.30267536160184,190.37024729947115,2981900
2021-09-13,186.5357666015625,189.06200948304428,185.15535791863337,188.61089517445527,3209600
2021-09-14,183.52232360839844,187.21243529398882,182.8005379719541,187.21243529398882,4362800
2021-09-15,184.2801971435547,184.6410830877425,182.80054274531858,183.54036306097848,5225600
2021-09-16,183.54937744140625,185.77788304944244,183.25164036945523,184.95685176923647,3481900
2021-09-17,181.77198791503906,184.56890193980993,181.2035795204833,183.03510238414611,7702800
2021-09-20,178.52394104003906,180.37351213709783,176.54805850921065,179.41715217185447,4370600
2021-09-21,177.38717651367188,180.06679672193786,176.9901937025337,179.65176548295247,3730300
2021-09-22,178.7044219970703,180.59909376073472,178.36157073020527,179.00214531449814,2907200
2021-09-23,181.99752807617188,183.43206803946313,179.70586005281928,179.81413683072455,3553500
2021-09-24,183.8741912841797,184.83956872660008,181.43817681953954,181.4923083327891,2908500
2021-09-27,184.0185546875,186.30119198599982,183.6486376506576,183.6847207378762,2449600
2021-09-28,181.4561767578125,182.93583082680428,180.18404513912247,181.844142140057,3792800
2021-09-29,181.96144104003906,182.81856914632044,181.28476965102618,181.61860356444114,3448800
2021-09-30,176.8458251953125,182.5298682015085,176.77364525435797,182.47573668752162,4098900
2021-10-01,182.01560974121094,183.0802329221584,178.00068130280525,178.45179562020664,3468600
2021-10-04,185.4169921875,186.4184664709847,183.69374604705558,184.00951779274655,5531900
2021-10-05,189.44091796875,191.2453749565806,185.07413536225934,185.07413536225934,4177300
2021-10-06,191.66943359375,192.12956519390912,186.35530803402722,187.51917679533082,3074400
2021-10-07,191.16419982910156,194.38514876650396,190.64090559001417,193.57314853473284,2655200
2021-10-08,195.314453125,195.53099295579034,193.50097850547434,194.13253580330044,3352100
2021-10-11,193.89797973632812,196.7490258281878,193.86188287764145,195.65732300706125,2312000
2021-10-12,192.5446319580078,194.30397518595225,192.17471488351455,193.66338674556349,1975500
2021-10-13,194.74603271484375,195.40465568365127,192.40023304203197,192.86036463389783,2206100
2021-10-14,199.69924926757812,199.92480638849125,196.24371252315947,196.48731806848158,2559400
2021-10-15,203.14578247070312,203.6329798274992,200.24060545481538,201.14283399970188,2747400
2021-10-18,203.84048461914062,204.39987566771788,201.10673328204564,202.09919016910627,2287000
2021-10-19,203.68711853027344,205.24798388022464,202.8841356476454,205.07655824793625,1933300
2021-10-20,205.71714782714844,206.07804754431032,202.29770732940347,204.03900200136619,3454200
2021-10-21,208.6674346923828,209.39823767383797,204.7517657751317,207.06146884582515,3361500
2021-10-22,214.36048889160156,216.2190775972795,209.73206555406927,210.30949130502665,3809000
2021-10-25,216.78746032714844,217.59946046082578,213.9905465033012,215.00105177290973,3158000
2021-10-26,217.18446350097656,220.06257485562222,216.32734910879782,218.258117707071,2409700
2021-10-27,215.9755096435547,219.48517872014997,215.92137812450406,217.04013289666338,2886300
2021-10-28,218.61001586914062,218.73632733594724,216.6251154906435,216.85067266472083,1998200
2021-10-29,217.79795837402344,219.14228381968346,215.9935013410426,216.9137782825989,2387000
2021-11-01,216.04762268066406,218.5828823284184,214.4145776825306,218.48363665192315,2547300
2021-11-02,216.93185424804688,218.7363115101109,215.3980683286757,216.7874943630218,1933200
2021-11-03,216.04762268066406,217.25660545476043,213.86421779776836,216.3724254612928,2535600
2021-11-04,214.00863647460938,216.4356337849185,212.92596483054928,216.3183396531154,3007800
2021-11-05,215.47926330566406,216.78749205333918,214.68529771340167,215.63264051927544,2313900
2021-11-08,216.0386199951172,216.53484844284836,214.36047436900853,216.53484844284836,1612900
2021-11-09,217.43707275390625,217.52730111243721,215.05519001798402,215.65066414369323,1778800
2021-11-10,217.9242706298828,218.7904160663922,216.9588932724267,218.0054816595255,1613800
2021-11-11,217.04010009765625,217.55437698475464,215.64164307687395,217.43708286659214,1443600
2021-11-12,218.73631286621094,220.179870424662,216.408561331687,217.4461187570398,1803800
2021-11-15,217.85214233398438,219.26863419761014,217.31981695187304,218.8085025285821,1633800
2021-11-16,217.87017822265625,220.45055280323746,217.41906388176383,218.3483583226488,1986100
2021-11-17,216.30929565429688,218.3032268145383,215.34390449414383,217.76188417579067,3023200
2021-11-18,216.75143432617188,217.9153033265344,214.75750278209847,216.1198632037504,2754200
2021-11-19,217.71676635742188,219.24153478973588,214.93790080764563,217.60850333824712,2589000
2021-11-22,220.06259155273438,222.95873778642968,217.27470835075357,218.06866019485417,2381400
2021-11-23,223.1842803955078,223.53614899255467,219.03403716968785,219.58439715654737,3004500
2021-11-24,222.4895477294922,222.98576237785272,221.24446802696957,222.51661348242408,2145700
2021-11-26,216.34536743164062,218.0505787575826,214.4236300750485,216.87769271312257,2566700
2021-11-29,216.04762268066406,219.25052254582914,215.93934590917908,217.88816259295157,3749000
2021-11-30,212.6011505126953,216.0205909097174,212.29439608733085,214.58605071441062,4488300
2021-12-01,210.44479370117188,216.2731957599413,210.40871061928698,214.39655886290222,3934700
2021-12-02,216.60707092285156,217.83410252237996,211.20271597953936,212.31246720796094,3783200
2021-12-03,216.9228515625,219.26865181719228,214.77555650090375,217.59050579299998,2961100
2021-12-06,222.0023956298828,223.39183556183167,218.13184049614637,219.52126666117755,2623700
2021-12-07,223.27450561523438,225.5030112874418,222.6790314541853,223.0850315578404,2270700
2021-12-08,223.3917999267578,224.36619466960076,221.2264430938784,223.12112860178345,1814500
2021-12-09,223.0760040283203,225.006772531721,222.0023498749822,222.90457840492485,1983000
2021-12-10,224.16770935058594,225.2864639305818,222.91361222929334,224.33010387984405,1937800
2021-12-13,221.7136688232422,224.17674913208225,220.4956546641575,223.3647488706367,2548300
2021-12-14,220.694091796875,222.85041714488787,219.4941263602191,221.50609185865392,2682200
2021-12-15,222.95870971679688,223.1752495198809,220.15277844048063,222.020398103929,2517600
2021-12-16,224.06845092773438,225.4668940732628,222.20984867471148,223.67146818955305,2297200
2021-12-17,220.00718688964844,224.20445228709244,219.59017431372783,223.54267115937844,4937100
2021-12-20,218.14877319335938,218.38446752035043,215.81898339277697,217.55045624872227,2769900
2021-12-21,219.5811004638672,221.54828147096916,218.26662633307828,220.01623377052977,2746200
2021-12-22,220.18850708007812,220.84121404323363,218.55673967218942,219.3816906718221,1623000
2021-12-23,222.6814422607422,223.74208743396534,220.4241632514901,220.5329569482623,1655700
2021-12-27,224.77557373046875,225.04753726710808,222.48203900914126,223.1982101167128,1176500
2021-12-28,225.9359588623047,226.93315397530338,224.22260641007333,224.69400899373102,1119700
2021-12-29,227.56768798828125,228.23852948131744,226.12629934037818,226.64301756980197,1106200
2021-12-30,226.21697998046875,228.138845644025,225.34671319511295,227.785297168854,1163300
2021-12-31,228.3835906982422,229.65274930256624,225.8543615344442,226.21697037417076,1516700
2022-01-03,224.61239624023438,229.80684289889277,223.46109181292726,229.58020893153684,2450200
2022-01-04,228.47422790527344,230.6227134314463,226.05377885907686,226.63396124656248,2647500
2022-01-05,229.1632080078125,230.90376913840936,228.13883182942618,229.2176117821639,3651300
2022-01-06,229.7977752685547,230.89467588966582,228.3382520115331,230.26010356762146,2342300
2022-01-07,230.9672393798828,232.17292007883987,228.0572665862388,229.1632277725782,2346800
2022-01-10,226.8878173828125,230.74059518599313,225.18352536343102,230.74059518599313,3341400
2022-01-11,223.3885498046875,227.7127294366371,222.16473477630527,227.31385147207808,3087200
2022-01-12,223.91436767578125,225.6911841291248,223.04408712395906,224.4673551290149,2480800
2022-01-13,224.4764404296875,225.51896513176237,223.6333685873419,224.367660535873,2615100
2022-01-14,223.25259399414062,225.02939656433279,221.675216590585,222.34605811839043,2525500
2022-01-18,215.7918243408203,222.59084437192377,214.66772854856853,221.92001658174556,5752100
2022-01-19,217.10629272460938,219.1097293639675,214.87620827233525,217.56862106462117,4910900
2022-01-20,219.4451446533203,222.69960510623443,214.8490011535334,215.04844015151073,4256100
2022-01-21,223.30699157714844,227.11443961909836,219.59926303825,221.7930782727419,4932400
2022-01-24,222.1919403076172,222.93529250475146,216.77992022669298,220.21568497997103,5093200
2022-01-25,221.30352783203125,222.70866116959238,216.8343127199601,219.96185864379657,3325400
2022-01-26,221.99249267578125,226.76992641553824,219.70801857073974,223.54266115829472,3529100
2022-01-27,221.7296142578125,225.42828241969914,220.0343965375212,224.21352762368974,3045500
2022-01-28,222.94436645507812,223.08035513917892,217.20600640119324,222.1012947107413,2659900
2022-01-31,221.693359375,222.4548462189411,220.11598191314465,222.101297767637,3522000
2022-02-01,223.6514892578125,225.16540262726744,221.03160092795372,221.92906266133795,2438500
2022-02-02,227.7761993408203,228.26573646038958,223.035020580048,223.035020580048,2640200
2022-02-03,221.51205444335938,228.16602468195268,220.77774873915607,226.90594032433003,3666700
2022-02-04,219.7351837158203,223.08936297741195,218.62014869852985,221.77488900318997,3603500
2022-02-07,218.61111450195312,222.08314846431264,217.70457865275134,221.33979626093964,3067400
2022-02-08,220.24288940429688,222.25540016564867,219.4270126448904,220.46952337442534,3027700
2022-02-09,223.4520263671875,223.5698666213456,220.94091819268453,222.25539240701508,3135200
2022-02-10,219.49046325683594,223.09848602560248,218.42075755606743,220.78681676067552,2034800
2022-02-11,216.4898223876953,221.63895316734002,215.49264126028245,218.7833569631759,2379100
2022-02-14,219.88027954101562,220.96811982593846,216.10002659714095,217.68646438050666,2429400
2022-02-15,226.0175323486328,226.61583551691078,221.6298881745423,222.10129070550536,3248500
2022-02-16,230.08786010742188,231.03066513045596,225.22882743545017,225.22882743545017,3493100
2022-02-17,227.53143310546875,229.62552866096402,226.23507967471895,228.72805320890646,2697500
2022-02-18,227.7127685546875,230.69526575772167,226.93314708074945,227.95753713546736,3319300
2022-02-22,223.25259399414062,228.70086962764904,222.34605811839043,227.54050481329995,4360300
2022-02-23,221.93812561035156,228.07536369198922,221.47578344860213,224.85715848143732,3346900
2022-02-24,219.46327209472656,220.1069186682803,214.67676366278235,217.9402984266716,3944100
2022-02-25,224.47366333007812,226.24095949670985,220.0554229134988,220.6931035147591,2548100
2022-02-28,224.05459594726562,224.54653088461797,218.30633828936263,219.11710655980485,3358100
2022-03-01,220.8479766845703,224.60120847495662,219.5270638359429,223.06165631122866,3327000
2022-03-02,229.90306091308594,230.82315577841044,221.32166671116997,221.56763417917088,3528900
2022-03-03,232.71800231933594,240.1242298870774,230.77761843054287,231.32419584824038,7218000
2022-03-04,241.0716094970703,241.21736900898662,231.05087240929345,232.007386192813,5924800
2022-03-07,238.18380737304688,246.09110118413804,238.01983834444616,240.4976944906234,5794000
2022-03-08,230.90509033203125,239.8144345964611,230.56803365650694,238.22022657920067,6229800
2022-03-09,231.0873260498047,236.2616779834825,229.14694233712635,234.43972562240037,6204400
2022-03-10,236.5349578857422,236.7718205871005,227.34321163135274,229.56599571872394,4501100
2022-03-11,238.23843383789062,239.9510731683604,235.9519029792914,235.9519029792914,3873800
2022-03-14,234.7221221923828,240.37927639720849,232.8910512030584,239.91466965644588,3839200
2022-03-15,236.9722442626953,238.93995619833416,233.93867793662346,238.26581490321405,2913800
2022-03-16,240.63438415527344,241.3449445574498,237.09070080364725,238.766893860043,3958600
2022-03-17,240.0968475341797,240.88030140017892,235.4326545670591,237.6918851983507,3761500
2022-03-18,238.0562744140625,240.64344312904348,236.5349321375997,240.49768362105792,6342900
2022-03-21,240.9623260498047,241.8095272523758,237.0724398430793,237.6281497872348,5158400
2022-03-22,242.19210815429688,243.41284067137795,240.30640863480036,242.31965816086412,3704700
2022-03-23,243.8501434326172,245.754080673775,240.97145482182404,241.46338983653217,2877100
2022-03-24,246.15484619140625,248.4869428022408,244.38755031902286,245.052572885694,3400200
2022-03-25,249.04270935058594,249.22488793304393,246.22779587437344,247.21163806186104,2814300
2022-03-28,250.8281707763672,250.88282712151602,247.46666654578516,248.441417702249,2548400
2022-03-29,249.25218200683594,252.17643559336494,245.3987705155575,250.7006586136594,2759500
2022-03-30,252.0580291748047,252.22199823303956,249.47995073357842,249.72593212172055,2770400
2022-03-31,248.88780212402344,254.10770580667554,248.88780212402344,251.03772043235443,3793000
2022-04-01,236.81735229492188,250.0082969621753,234.120870673717,249.78967158231123,6367000
2022-04-04,234.79501342773438,237.4824045273151,230.78672342559867,236.63520327383793,4633400
2022-04-05,229.6662139892578,236.3801181422634,229.2744869888254,233.53784900041552,5042600
2022-04-06,221.3034210205078,228.19041212859466,218.96221963236053,227.68025382769045,6794200
2022-04-07,223.06163024902344,224.09103779097074,218.65250882928126,221.92291001249538,4793100
2022-04-08,220.43800354003906,223.51710735637974,218.34275562774317,219.74566667440433,3530700
2022-04-11,221.4674072265625,222.54235238634826,218.24255784681267,219.4632625232993,2912100
2022-04-12,223.24380493164062,226.05871779611417,220.90260353995504,221.91378758549504,3097700
2022-04-13,222.85211181640625,224.38254515721124,221.0574875938997,222.97052926990594,3062000
2022-04-14,224.2914581298828,225.8309962439877,222.76101087331594,224.4645319329501,3180200
2022-04-18,220.56553649902344,224.85624019433496,218.83468740942178,223.18915220573075,3173200
2022-04-19,223.75396728515625,224.1821272063834,221.93201490560017,222.97964586408102,2269000
2022-04-20,225.0748748779297,227.0516913748013,224.18210827903877,224.18210827903877,2937700
2022-04-21,222.64260864257812,228.21779321318078,220.94819211922558,223.61735998414989,4179600
2022-04-22,213.44174194335938,221.05750408454387,213.0226867447482,220.69310523783963,5105300
2022-04-25,215.37294006347656,215.86487487812838,209.57913226013633,213.01351560545535,4129900
2022-04-26,212.7949676513672,216.6848406565244,212.64920809557947,214.6260390575091,2316200
2022-04-27,215.7100372314453,216.83965266571917,211.61064454144878,211.8383885797819,3489800
2022-04-28,217.95106506347656,218.52498454186392,215.3821053986896,215.7100574005689,4531800
2022-04-29,213.4326171875,218.52498493421263,213.0226806595134,216.90344833878532,4407100
2022-05-02,212.1390380859375,215.30012683310113,208.26738896509852,214.51668669028027,3665800
2022-05-03,211.4375762939453,212.6673857929623,209.1692406085149,212.24834453565933,2285000
2022-05-04,215.98333740234375,216.48437707729838,210.80899941472262,212.5034156515916,2598400
2022-05-05,210.8727569580078,215.30010163762634,209.12368440438476,214.4802286563756,3005500
2022-05-06,209.1510009765625,210.06197708315537,205.6710794775817,210.00732074082256,2774900
2022-05-09,205.1973876953125,207.4839329380753,204.44127578625702,206.79159603478774,3288900
2022-05-10,202.78329467773438,207.91208090260994,198.84787107388394,207.6934555248801,3845200
2022-05-11,203.94937133789062,207.81190181814597,202.65578670531505,203.0201716523749,2457500
2022-05-12,205.8168182373047,207.6843219737167,202.10915283512895,203.5029451197759,3230900
2022-05-13,210.21685791015625,211.66532059801963,206.5274155081841,206.67316113241995,3263800
2022-05-16,207.60235595703125,210.82720543810342,207.08310677550972,209.6247241385215,3091900
2022-05-17,211.51956176757812,212.3394347706197,208.87772250147881,210.8636578049875,2916400
2022-05-18,204.96054077148438,211.66532617681628,204.13154909124887,211.63799800277718,2620700
2022-05-19,197.22633361816406,200.68804571809954,193.78284493307467,199.89548702681262,5428100
2022-05-20,194.5662841796875,198.0917573667339,191.52362723116295,196.7708447537893,3796000
2022-05-23,197.58160400390625,197.77291509936586,195.24950743284978,196.30624303548225,3079300
2022-05-24,197.76380920410156,198.23752069453903,194.28388753690055,196.5431044983521,2159700
2022-05-25,198.06446838378906,200.00485237938324,196.45203641702216,198.30131722112165,2006700
2022-05-26,201.58995056152344,202.7651178383306,198.80236515201204,198.80236515201204,2045300
2022-05-27,203.88998413085938,205.49361321952907,202.35966547843321,203.12024552410656,1537400
2022-05-31,201.39747619628906,203.23019507257345,200.93013791654928,203.18437430415926,4405400
2022-06-01,202.80865478515625,203.9724210734765,201.5257433263112,202.67119249535116,2796200
2022-06-02,206.53823852539062,206.9964182119,202.15804184096382,204.2748297554316,2091900
2022-06-03,205.26451110839844,206.47411226047552,203.32183360267663,205.0904005805205,1964400
2022-06-06,206.33665466308594,207.41796607968263,205.3653158880722,206.492434090915,2151300
2022-06-07,209.61721801757812,209.90128720151108,199.03326388510158,200.60940321131199,3772300
2022-06-08,203.1385955810547,206.9598275336514,201.59911811795413,206.7124065190323,2409300
2022-06-09,198.65753173828125,203.7799909872146,198.55673165331928,202.12138284764072,2198300
2022-06-10,193.46180725097656,197.16390734801442,192.44464767777222,195.94514757237062,2752200
2022-06-13,190.6669158935547,192.16057227655645,187.12976788655644,190.14458429976483,3374500
2022-06-14,191.05177307128906,194.50643788276324,190.21788267574652,192.01393923880093,2631600
2022-06-15,192.28887939453125,195.19373741124454,189.73224247177376,193.48930813522733,2236000
2022-06-16,190.77688598632812,192.05062512831532,188.14693870340278,188.531808014377,3124500
2022-06-17,189.18240356445312,191.73905423190755,188.48597542386543,190.7402118157234,6079700
2022-06-21,191.9498291015625,193.7917066966064,190.68524849397429,192.48131929920774,2956000
2022-06-22,191.50997924804688,193.55345704257812,189.23739759321668,189.6864187873443,2098400
2022-06-23,192.20639038085938,193.67257106140326,190.1262505603166,192.178900716571,2504700
2022-06-24,197.73204040527344,199.6289111726622,192.49046324849942,192.49046324849942,5516500
2022-06-27,195.96348571777344,198.68507456595566,194.66224291617084,198.68507456595566,1827600
2022-06-28,195.5144500732422,200.54526841700147,195.32200843912156,198.05276962930452,2156400
2022-06-29,195.3219757080078,196.12837635199332,192.85698098043034,196.12837635199332,2179000
2022-06-30,195.44117736816406,195.569467154831,191.53749044598118,192.43551895264955,2314100
2022-07-01,197.2555389404297,198.12609164265035,193.62676318736644,194.72639177973298,1765900
2022-07-05,192.59127807617188,195.3770188390297,190.30037928288456,195.35868773357316,2236000
2022-07-06,192.17892456054688,194.79971341397365,189.851363490089,191.9773243423958,2655800
2022-07-07,194.8455047607422,195.3861534538871,191.31751545845685,192.4629647147138,2007200
2022-07-08,192.16055297851562,195.25785205721633,188.4492948129633,194.32316160471757,1850900
2022-07-11,192.31634521484375,193.46179447920534,190.82268888224002,191.34500647587072,1818500
2022-07-12,189.22824096679688,191.21673944820458,187.94534323122306,189.20990986127822,2653900
2022-07-13,189.4207000732422,191.16177772946392,187.20309752484394,187.84456043427735,1902500
2022-07-14,188.33016967773438,188.74252857154093,185.45280199796096,186.47911995277437,2306600
2022-07-15,191.63827514648438,193.21441467447846,190.47449461513756,191.65659226986466,3997500
2022-07-18,192.63706970214844,194.9829474743325,192.02311059634513,192.82033878137509,1990100
2022-07-19,198.7583770751953,199.1065981720779,193.91084129890464,194.3690210653136,2387700
2022-07-20,196.5133056640625,199.6289365705629,196.18341566178688,198.75838379890686,3152100
2022-07-21,194.17657470703125,196.43082525546865,192.26138668564747,194.7263960064169,4130900
2022-07-22,195.55108642578125,196.33915605319962,193.1685604233204,194.46063050708793,2612600
2022-07-25,199.1798858642578,199.372327496487,194.81802001992673,195.541937815858,2534200
2022-07-26,197.9061737060547,199.42733391927513,196.5133032709048,198.26355337228964,1927900
2022-07-27,201.49827575683594,202.69870438039766,197.64039638022217,198.3001762925292,2041500
2022-07-28,205.02626037597656,205.3561503244047,200.78351181362987,201.92896108143103,2337200
2022-07-29,208.28848266601562,209.14069014832205,204.60471417072384,204.73300392018504,2337000
2022-08-01,208.08694458007812,208.91166264661877,206.48331524205275,207.17974352085287,2245100
2022-08-02,203.88998413085938,206.76735233637098,203.01944542208875,206.76735233637098,2954300
2022-08-03,206.7581787109375,207.5279172616073,204.22901778368666,204.84297691214007,1922300
2022-08-04,208.33432006835938,209.82797641726128,205.6585382529829,207.07889815279665,1891900
2022-08-05,209.49810791015625,209.8829772286718,207.09725045451998,207.09725045451998,1482200
2022-08-08,208.80169677734375,211.9814656738657,208.7375448944132,210.76270574102395,1662500
2022-08-09,209.37896728515625,210.90928582677986,209.13154632856592,209.54390526785983,1778700
2022-08-10,216.04090881347656,216.67319910020117,211.5965736665253,212.6962022604856,2411500
2022-08-11,219.239013671875,221.65820222895283,217.1772047658699,217.35131531069396,2746600
2022-08-12,219.8804473876953,221.0075655968886,218.643370518835,219.91710959594135,2186700
2022-08-15,218.24932861328125,218.73499800336685,216.70067890497467,218.64337044785265,2070500
2022-08-16,221.16339111328125,222.08890925908074,217.86449101903168,217.86449101903168,2486800
2022-08-17,220.7418212890625,221.22749066562193,217.79114282249287,218.20350176716133,1686800
2022-08-18,221.67654418945312,222.01559275174267,219.97211485105785,221.3374816446264,1457500
2022-08-19,218.57003784179688,220.84260513303556,218.35926512217065,220.84260513303556,2082500
2022-08-22,217.64451599121094,217.99273703751155,215.12452764201075,215.78430752840413,2891100
2022-08-23,217.7636260986328,219.05569608290273,216.61817695992545,217.39708796725984,1638900
2022-08-24,218.3592987060547,219.02825120726575,217.03975277378203,217.4796014178729,1779700
2022-08-25,219.0740509033203,220.0453896409054,217.3421181948468,218.6341883190088,1624100
2022-08-26,211.9264678955078,219.11988166297178,211.6332261405482,218.58839146900985,1728800
2022-08-29,212.9711151123047,214.52892346844163,209.69970498013438,210.4144642727447,2139900
2022-08-30,207.5618133544922,213.3212757138773,206.89832216579603,212.84208450844397,3159400
2022-08-31,206.88906860351562,209.05463176713738,206.38224723691877,208.4003507492393,2420700
2022-09-01,208.31744384765625,208.52017804404304,205.31331339575956,206.10581596494777,2263200
2022-09-02,206.36383056640625,210.2157520226429,205.4330925032128,210.2157520226429,1571800
2022-09-06,210.08677673339844,211.67178208126623,205.95839757813738,206.36386602450202,2956400
2022-09-07,210.8332061767578,211.95745451124992,208.99017796430377,208.99017796430377,2858500
2022-09-08,212.26156616210938,212.47352454089167,209.39565659011313,209.8656378062747,2181800
2022-09-09,213.68064880371094,214.9707626463133,212.86050199065954,212.9710791596865,2016400
2022-09-12,215.78173828125,216.82303962007043,214.30731014289293,215.99368258048762,2635500
2022-09-13,208.52938842773438,213.6806621656129,207.84747709451162,212.08643288612325,2378300
2022-09-14,200.84396362304688,206.3085486864642,197.21319639158673,205.8477917090949,5915000
2022-09-15,201.2218017578125,207.0549871856142,200.92691052235267,203.96790959738888,4148500
2022-09-16,195.3609619140625,197.84904682431545,191.28787184829102,197.0749784631145,7984100
2022-09-19,199.2313232421875,199.59071313839507,193.99713049114533,194.3196519532257,2863800
2022-09-20,196.53131103515625,198.31905059338257,194.08929029568228,197.08421104435098,2094100
2022-09-21,195.2595977783203,199.93168043305488,195.13979646065405,198.02413973415733,1917600
2022-09-22,192.75308227539062,195.83093567001058,192.44898096712873,194.77120019128185,2508400
2022-09-23,187.96121215820312,190.87319977991106,186.25640562961652,190.29264145893086,2585500
2022-09-26,185.09530639648438,187.85063837499007,183.46422264591828,187.01205724311598,3708100
2022-09-27,181.76861572265625,186.53284087073158,181.06827022473792,185.08607136792443,5466100
2022-09-28,185.98915100097656,187.58336610121543,181.9621397818791,182.70856378658095,3284900
2022-09-29,183.56556701660156,184.78197212025847,181.87919488354248,184.4410024138894,2072400
2022-09-30,179.52932739257812,183.68534961779557,179.44638046309495,182.47816877528146,3267600
2022-10-03,184.54238891601562,185.88780554540276,180.65359870399715,181.5566925497066,2489900
2022-10-04,189.26052856445312,189.27894871832925,186.30246276973958,186.9198753930578,2896500
2022-10-05,184.8741455078125,187.50967627174117,183.82362004589345,186.67110916686417,3065800
2022-10-06,182.65328979492188,185.6021316804575,182.3031099874814,184.4502392203899,2586800
2022-10-07,180.2666015625,181.6857412910537,178.4143631004269,180.63521567565257,2875700
2022-10-10,178.81980895996094,182.52429947639735,178.50649754933204,181.65807399662074,2859500
2022-10-11,177.5204620361328,180.4324497433113,176.6081580851277,177.77848483943336,3094700
2022-10-12,177.04127502441406,180.47853255959043,176.856975026404,177.686346109232,2381300
2022-10-13,181.29867553710938,182.6348680699407,172.22175670647593,173.55794923930728,3482900
2022-10-14,178.5801544189453,183.55633741198872,178.239198810035,183.18772345258654,2719400
2022-10-17,183.01268005371094,184.03556112278707,180.7088951288716,180.76418371727777,3002200
2022-10-18,185.8140869140625,187.73083776799476,183.39050053557327,186.3577768125927,2551300
2022-10-19,184.3580780029297,185.93387303935782,183.13246276597155,184.2935793384513,2386900
2022-10-20,171.8162841796875,179.49249756261995,171.24494999364148,177.4375252595166,6103200
2022-10-21,175.57608032226562,176.17505886270177,169.28213733284917,170.89478700761185,6711600
2022-10-24,178.30374145507812,179.69522247477852,176.87539200265655,177.7047489434499,2994300
2022-10-25,179.3358612060547,179.72289544425698,177.5481215858898,178.3867027992561,2770000
2022-10-26,180.41400146484375,182.6809319870953,179.13309762643448,181.72254959708158,4134600
2022-10-27,180.65359497070312,184.2382838007427,180.22970641295163,181.76863307662543,3148200
2022-10-28,183.05874633789062,183.23383624372315,179.80580311631115,181.18807408506802,3724100
2022-10-31,181.66726684570312,183.02189353156993,179.73208184841124,182.98503915901023,3130300
2022-11-01,181.3723907470703,182.46898058671053,178.37747027154685,181.72255650260084,3042400
2022-11-02,177.4191131591797,183.33523214759532,177.0781574328989,180.93930386203934,3020000
2022-11-03,178.02728271484375,179.8887448358335,175.290385151307,175.34567373866133,3238800
2022-11-04,181.26181030273438,182.25704716122175,178.9395909662639,180.2112848511958,3334000
2022-11-07,180.89317321777344,182.92050089403443,180.12831502795234,182.92050089403443,3757800
2022-11-08,187.998046875,189.0209278729658,182.24780910151551,182.59797482414032,6285100
2022-11-09,187.44515991210938,188.48646113604497,186.09053325203908,187.5373028723477,4682700
2022-11-10,196.27328491210938,196.45758491206948,192.67937163753845,194.3288896809747,4923400
2022-11-11,200.42929077148438,202.327607321645,197.90433740272647,199.14838690095547,5176500
2022-11-14,199.92247009277344,204.07850745239318,199.3142674458259,199.8303271245983,3999000
2022-11-15,194.1261444091797,201.87608059550485,192.35683920016683,200.71496394561137,6235200
2022-11-16,195.6097869873047,196.4575782071377,193.96026900016508,194.5776817126134,3864600
2022-11-17,193.3520965576172,195.68352612195503,190.7626301071886,194.09852073402402,4561400
2022-11-18,194.0524139404297,195.5360519980214,192.87287718098642,195.00157220683815,2499500
2022-11-21,195.6097869873047,196.5957996870932,191.859218137712,193.42578917569008,2365400
2022-11-22,196.466796875,200.64125448642378,196.11663109007392,196.8077666424446,2962500
2022-11-23,195.8401641845703,196.4944312669005,194.04321465122868,195.9968198812013,2405000
2022-11-25,196.58657836914062,198.51253920607596,195.80328586434163,196.28247706943705,1101900
2022-11-28,192.15408325195312,195.7571919310805,191.3800008858791,194.65137805821425,2755400
2022-11-29,196.07052612304688,196.50363880233098,191.77626776229087,192.55956024044812,2280600
2022-11-30,200.36474609375,201.7654510579781,194.17218606814112,196.02442381168254,5173000
2022-12-01,198.98251342773438,201.95901380405684,198.02414504426764,201.95901380405684,2638400
2022-12-02,197.87669372558594,198.89957480964483,196.46677845582738,196.96440388114658,1760000
2022-12-05,194.49472045898438,196.7892951199162,193.89574205161622,196.22717108143183,2504500
2022-12-06,194.5684814453125,196.49444248947825,192.31998485006932,194.927871372507,3097600
2022-12-07,195.56370544433594,197.93198915174807,194.06163309987457,194.43945722081816,2828600
2022-12-08,196.3101348876953,197.72005024451298,194.93707390556816,196.0336778633571,1585400
2022-12-09,194.761962890625,196.32853366415767,194.48550591619318,195.72954120935773,2334400
2022-12-12,198.89039611816406,198.95489479536528,194.227536875947,195.95076379732558,3017500
2022-12-13,200.90847778320312,204.06926392114647,198.90879417449028,203.56242843018535,3585000
2022-12-14,200.5030059814453,204.30886307655157,199.37875784285976,202.10644530890022,2749800
2022-12-15,195.64662170410156,198.2268635397994,194.21827228959143,197.90432803739213,3373200
2022-12-16,194.90489196777344,195.4055690513354,191.60407901208785,193.3657509940046,5194100
2022-12-19,191.36302185058594,195.09033503293665,189.84242860496192,194.89561862471248,2355300
2022-12-20,190.45437622070312,191.94715484147494,188.841058198635,191.42792995560944,4081900
2022-12-21,193.24517822265625,193.92202380230026,191.66895609365145,192.35508263941753,2756400
2022-12-22,193.46775817871094,193.48629182001943,190.20404053555743,191.95643169081941,2399300
2022-12-23,194.626708984375,195.40554620008837,193.04120580084458,193.04120580084458,1639500
2022-12-27,195.00686645507812,196.05458292537986,193.64389421396103,195.13667266147903,1139700
2022-12-28,191.8080291748047,195.8505831652891,191.72458536656188,194.92339201286438,1631200
2022-12-29,193.98696899414062,195.04396653243901,192.05840935187717,192.89287588028552,1484800
2022-12-30,191.99349975585938,193.7737052657934,189.7774990769063,192.5498060195674,1554200
2023-01-03,192.46640014648438,192.73527943811314,190.19478395591403,192.19750670703706,1766300
2023-01-04,194.00547790527344,194.90485443677213,192.45707040975867,192.93919961284837,1830900
2023-01-05,188.29400634765625,193.48626901338622,187.99729834788053,192.60544012925328,2317500
2023-01-06,196.57383728027344,197.07452854290167,191.00142223922683,191.743178164865,3375200
2023-01-09,196.06387329101562,200.16205702991638,195.73008386601023,196.74071896056518,2259500
2023-01-10,196.8241729736328,196.91689776508736,194.58963848905674,195.98970644180932,1225300
2023-01-11,198.6599884033203,199.04014020416136,196.6850806984002,197.71426353249706,1840500
2023-01-12,199.05870056152344,200.50511671207323,196.62946390600095,199.63355463473775,2034600
2023-01-13,197.70501708984375,198.53021686504437,196.71292965458403,197.40832320046607,1693500
2023-01-17,198.70635986328125,201.1634252304944,196.9817835260276,198.85471386274344,2186200
2023-01-18,194.22802734375,200.0971499034391,193.9684149145411,199.02160461225017,2719400
2023-01-19,190.5377960205078,193.9869484963539,190.5285292015062,192.49417006380858,3065600
2023-01-20,193.46775817871094,193.52338739827198,188.7112618367922,190.8716194659256,5344000
2023-01-23,194.8307342529297,197.46395444485535,192.87435982454576,194.07971147932858,3155600
2023-01-24,188.38670349121094,191.92858070876846,186.36543344184764,190.07419828646152,4462600
2023-01-25,185.54953002929688,187.0052272522593,182.68451212865125,186.32838152233134,4163900
2023-01-26,186.8105010986328,186.9217736763012,180.33870971895064,184.0196603499237,4207000
2023-01-27,187.65423583984375,189.0079412849647,186.05019894455958,186.9681092241228,3429400
2023-01-30,185.62368774414062,189.0913881557642,185.43825232138244,186.22637055287464,2617500
2023-01-31,189.3231964111328,189.3417441987762,185.1044731086225,185.54025415743357,2958700
2023-02-01,192.79087829589844,193.87570455616108,187.86749480563583,188.41454841952216,3080100
2023-02-02,197.87191772460938,199.2441570189587,191.88225512654952,192.8558089145761,3446000
2023-02-03,194.9790496826172,197.3804858703127,194.3300186107331,195.2386762591871,2142100
2023-02-06,193.7458953857422,195.06250530079234,192.92069571547077,193.8015245986883,1665600
2023-02-07,193.820068359375,195.06251548725692,191.52063783468762,191.96568570931365,2067500
2023-02-08,192.05841064453125,194.3207597429482,191.48355654988384,193.1988520137829,1805100
2023-02-09,188.0436553955078,193.44918208783616,187.70986597915734,192.98558646222807,2989900
2023-02-10,190.5377960205078,191.0941164125405,187.07009575884322,187.49660994577698,2599900
2023-02-13,191.04779052734375,193.72737310361296,189.63845563996284,190.00005971953487,4095400
2023-02-14,189.17483520507812,190.9364929730953,186.9217671918409,190.8715969405386,2174600
2023-02-15,188.32180786132812,188.33107468024582,184.90047002129012,186.93102104165837,2880000
2023-02-16,185.92039489746094,188.2569066797095,184.92829346107948,185.1415434888956,3375000
2023-02-17,186.91249084472656,186.9681200590977,184.1031023364516,184.34418112914855,7063800
2023-02-21,179.643310546875,185.5958768682903,179.5784003663063,184.89121658852025,4462300
2023-02-22,177.44586181640625,180.32942710260895,176.24051038993736,179.55985668530818,5816000
2023-02-23,179.24462890625,179.55987055277282,176.8524736545214,178.60486464560185,3125400
2023-02-24,179.89364624023438,180.4221378839834,176.46304152195842,177.37168496513286,3371400
2023-02-27,198.04917907714844,200.5041459080156,195.8089150195958,199.69203843647026,12140400
2023-02-28,193.484619140625,197.33041077901186,192.85921224508883,196.51831759638665,6091200
2023-03-01,194.1473846435547,196.1636166176378,192.27114958995773,192.37382919111602,2775200
2023-03-02,197.2930908203125,198.03985025583103,192.532511881727,192.89655514809522,2812900
2023-03-03,195.42620849609375,198.7119416201463,194.1567216692952,197.89983410852187,3665800
2023-03-06,194.9314727783203,196.77969132871914,194.0073563814952,195.61288417056937,2300400
2023-03-07,191.729736328125,193.876664233535,191.0296520704859,193.62462991267475,3898000
2023-03-08,190.0215606689453,191.49639243932356,188.05198954075422,190.88032906107455,2980800
2023-03-09,186.2877655029297,191.1883554362733,186.14774010174065,191.1883554362733,3342100
2023-03-10,183.01136779785156,189.5734901493621,182.18993099647565,185.64369159685089,3909500
2023-03-13,182.11526489257812,185.89570864785344,180.83643457622142,181.66720069374816,2774700
2023-03-14,182.1619415283203,186.40912275194688,179.80966837578308,183.76746943810113,3168900
2023-03-15,179.2589111328125,180.22037333534286,176.79461498344455,178.44681790822295,5749600
2023-03-16,180.07101440429688,180.71509421979,176.55192010766496,178.36280705463074,6357200
2023-03-17,177.364013671875,180.47238958559203,175.23575859922659,180.47238958559203,11852800
2023-03-20,177.0653076171875,179.08155363945104,176.41189851087532,177.46668240990417,2956800
2023-03-21,176.92527770996094,179.87496930691688,175.84249160851815,178.67083071623702,3338900
2023-03-22,173.35952758789062,177.52268721860563,173.3128524566516,176.01050982056344,3325400
2023-03-23,173.8075714111328,175.34776522845027,171.46462803498602,173.6302144646008,3854900
2023-03-24,175.9638214111328,176.01049653884974,171.61397582695042,171.88466877850982,4263600
2023-03-27,180.3697052001953,180.82709871208618,177.5133636913174,177.93341139969638,3666800
2023-03-28,183.49676513671875,184.3275312749473,180.36971621283237,180.36971621283237,5635300
2023-03-29,185.83970642089844,186.56779294869753,184.33685823028716,185.26097462784054,3152100
2023-03-30,185.1582794189453,188.04262305462893,184.35551559145,187.02517071607392,3050700
2023-03-31,187.86524963378906,187.98660211530446,185.4289561348772,185.63431529901914,3422600
2023-04-03,186.25975036621094,188.4906850393066,184.81292091295418,187.5479100014988,1908400
2023-04-04,182.8433380126953,186.4370952100635,182.07790574489078,186.11039777934835,3556700
2023-04-05,181.28451538085938,183.23541368766232,181.15383353837623,182.14328380907045,2382200
2023-04-06,185.41966247558594,185.46633761155135,181.17248148126407,181.64854792755892,3280000
2023-04-10,185.16763305664062,186.03574503026115,183.97282360908392,184.05683031010304,2402000
2023-04-11,185.66233825683594,186.7451386535308,185.29829501489118,186.1664068953752,3598000
2023-04-12,185.50364685058594,187.33320656019555,185.03692403360134,186.46509471411417,2315400
2023-04-13,184.74755859375,186.4090906866022,183.63675600783475,185.65300200025655,2894400
2023-04-14,185.3169708251953,186.35309610595525,184.23417041150458,184.94359824825062,1947800
2023-04-17,186.72645568847656,189.19075155727154,185.2422805700176,186.36241246615174,2740800
2023-04-18,186.19439697265625,188.53734032626812,185.78367862532195,187.3425310848864,2388100
2023-04-19,188.5560302734375,188.75206013629673,184.9062541898635,184.9062541898635,2619800
2023-04-20,189.11610412597656,193.98869180935415,188.0146307957652,188.92007426235173,2989200
2023-04-21,185.6156768798828,190.17088205678576,184.971597089693,189.48014137777105,6029400
2023-04-24,186.95046997070312,188.27596091667823,184.2061378282729,184.74753794591035,2723700
2023-04-25,181.78854370117188,186.25974218037328,181.2191412744061,184.90624881147937,2594400
2023-04-26,178.75485229492188,181.43383690724562,177.7000540916859,180.69642106820305,2377500
2023-04-27,180.65907287597656,180.88310496951942,177.7747291074606,178.5214885093525,2287500
2023-04-28,182.67529296875,184.00078395276765,180.0336403287311,180.0336403287311,1814900
2023-05-01,185.41029357910156,186.5677569418313,182.51660668577978,182.51660668577978,2195000
2023-05-02,183.02069091796875,184.74755678192463,180.14567667769228,184.30883619778584,2693800
2023-05-03,182.32994079589844,184.88758700828697,182.26459276354075,184.0568067050264,2017400
2023-05-04,183.94479370117188,184.26216179722013,181.11645457969774,182.40461410786418,1866300
2023-05-05,187.83726501464844,189.0227449836436,184.95292136142623,185.4756486488807,2065000
2023-05-08,186.6331329345703,189.33079040022503,186.22241455337706,189.01342228503054,1973000
2023-05-09,187.2398681640625,187.34254776003544,184.6635631786285,185.69968846771897,1606700
2023-05-10,185.8116912841797,189.1160969053983,183.8047888072577,188.6680327322921,1703500
2023-05-11,184.89694213867188,185.65303094288905,183.93549412303128,185.5036761994443,1397200
2023-05-12,185.74636840820312,186.2224205964431,184.23417666080607,186.1570725594732,1459500
2023-05-15,186.3531036376953,186.75449270522188,184.3742032620568,185.59701488071084,1630500
2023-05-16,183.76747131347656,186.0264084553483,183.42210092301454,185.86772437748056,1893900
2023-05-17,185.60633850097656,186.80114785063728,183.75812001372813,183.9261334020003,2273000
2023-05-18,185.5783233642578,185.97036881954716,182.17125251310654,184.8035617824063,1947800
2023-05-19,185.72767639160156,186.74512870034042,184.12214878366046,185.8490288801988,1798800
2023-05-22,185.0929412841797,188.50935595898954,183.0300342667638,187.63191472350005,1744000
2023-05-23,183.31007385253906,184.9996083157688,181.89123237930832,184.9996083157688,2434100
2023-05-24,179.13755798339844,182.94601794189947,178.57748489649376,182.74065875958445,2970800
2023-05-25,180.35105895996094,180.9297907649878,178.01744459356,178.34414205890508,2467500
2023-05-26,180.2483673095703,181.04178759516014,179.3055780528831,180.6964172498593,2287400
2023-05-30,182.5038299560547,182.96432367699836,179.70331171673925,180.53970872921025,2453400
2023-05-31,180.9250030517578,182.23128623393652,179.59992040471457,181.44188078710698,3569300
2023-06-01,183.89468383789062,184.25180199200585,180.67127090714627,180.86862945015494,2713800
2023-06-02,186.6951904296875,188.63111930010314,185.02239668691348,185.3043169381088,2522700
2023-06-05,186.76097106933594,188.16123715288924,186.23470080270334,186.77037797110464,2140600
2023-06-06,184.53372192382812,185.82120561300243,183.40599783303543,185.1727603173544,2341900
2023-06-07,189.3265838623047,189.50512860103103,182.43804936349937,184.47735407223686,2582800
2023-06-08,188.88487243652344,189.7212693547177,185.63325340614062,189.33595920346906,2180700
2023-06-09,187.64437866210938,189.62729926679174,186.74220506687223,189.62729926679174,1806800
2023-06-12,186.97714233398438,187.60678818627144,184.07323441968205,187.54099722837458,2096400
2023-06-13,186.94895935058594,187.52222121911828,182.87975654813883,185.50171583352292,3577800
2023-06-14,190.5294952392578,192.69096066974762,187.3060678804065,188.08608083115016,3259400
2023-06-15,193.5179443359375,194.38253328324825,190.5294747793496,190.91477059188662,2288600
2023-06-16,192.34324645996094,194.43893523537514,192.1646873807488,193.94085693009453,4139800
2023-06-20,189.2514190673828,191.93916939471836,188.9131003429702,190.71746209323993,2412600
2023-06-21,191.38467407226562,191.87335981340888,188.07668502090343,188.3962042463547,2191200
2023-06-22,191.12152099609375,191.3846561382539,189.7118623031831,191.3658710136637,1809300
2023-06-23,187.85113525390625,189.82466335331137,187.07112231327628,189.72128779877508,7413900
2023-06-26,189.20440673828125,189.65549354124144,187.78535536866124,188.13306661888151,1764800
2023-06-27,190.75502014160156,191.1309377496275,188.5747553742132,189.49572841924333,2433900
2023-06-28,190.85836791992188,191.16849452399592,189.49570084610923,190.81137643328245,2498200
2023-06-29,192.32443237304688,192.52179090343347,189.50511493191868,190.18175226497266,1957400
2023-06-30,192.29623413085938,194.17577903086516,191.11212600617998,193.18902943019378,2298700
2023-07-03,193.71531677246094,194.6362898394524,189.89043568091145,191.00876728929651,1057400
2023-07-05,191.6290283203125,193.39579100205347,191.22491865824668,192.31505828173653,1818100
2023-07-06,190.3133087158203,190.78319492854598,188.51835428144813,189.86222196674467,1518500
2023-07-07,190.60467529296875,192.0989102044989,188.42439609594092,188.9600733320316,2074800
2023-07-10,192.52178955078125,193.04805984172788,190.23813498282146,190.45429297643807,2025200
2023-07-11,194.33555603027344,194.7114736478136,192.68156153246946,193.59314203779184,2101000
2023-07-12,196.3372802734375,197.93489074738125,193.5931461363573,195.5384822063612,3261500
2023-07-13,197.9254913330078,198.21681852031557,196.00836169859468,196.81655230091135,2214300
2023-07-14,198.2826385498047,198.91228451076617,197.23008342032017,197.69996974997437,1603000
2023-07-17,197.22067260742188,198.13225314978683,196.50645061475913,197.8785105401101,1471700
2023-07-18,199.81443786621094,200.17155602908053,196.5064487672815,196.8447674637392,1893600
2023-07-19,201.3462677001953,202.05109710871406,199.70166574698484,200.0399844366655,2036600
2023-07-20,203.723876953125,204.51328239433332,201.6939649559122,202.07927511404603,3137600
2023-07-21,203.723876953125,204.18437063039153,199.26935023809526,200.6696163948355,6040100
2023-07-24,203.87423706054688,205.90414898875144,202.7747050177168,203.29158273181375,2165200
2023-07-25,202.56796264648438,204.3535246376813,201.81614178816298,203.2633851101048,2766100
2023-07-26,223.66587829589844,225.9965103235039,219.32413348241732,222.56634607715162,14540700
2023-07-27,218.12118530273438,222.1528026913816,216.53296761212542,221.26941431863182,5806700
2023-07-28,218.75083923339844,221.08147091590425,216.38260862226124,217.89564285440588,3595800
2023-07-31,218.0460205078125,220.414236894488,216.54237876470611,218.71325095572053,2988700
2023-08-01,217.5573272705078,218.17758054358455,215.3300711005749,217.54793470811208,3486300
2023-08-02,216.3356475830078,218.45013591278487,216.02552090719885,217.2284286765109,2740200
2023-08-03,216.04429626464844,217.77347419759252,214.7850045747733,215.76236165084904,1914100
2023-08-04,214.76620483398438,218.79783682461868,214.49367712286218,216.6363572413205,3176300
2023-08-07,215.86573791503906,217.8674579058955,214.83199678072728,216.4389997070792,2211300
2023-08-08,214.8601837158203,216.49537863091106,212.7362887629657,216.43899457725826,2513700
2023-08-09,215.44288635253906,215.96915675765928,213.10284722285118,213.56334099722793,2562500
2023-08-10,216.42959594726562,217.4069529760235,215.6965745907499,216.11946932107983,2737700
2023-08-11,215.6684112548828,217.07807010336788,215.47105270658673,215.9127469596287,2346200
2023-08-14,215.959716796875,216.13827586080836,214.50306659823895,214.89776931545433,1682100
2023-08-15,211.95628356933594,215.32067084374322,211.88111438827028,215.05753569064234,2146200
2023-08-16,211.09169006347656,212.53894771429324,210.18951651212726,211.77773429915788,2169200
2023-08-17,210.8661651611328,213.01823794829477,210.57483797079732,211.721347266372,2075400
2023-08-18,211.69314575195312,212.09725537899445,209.71022522617682,209.813600773579,1660100
2023-08-21,210.48086547851562,212.19124411408202,209.94518822586235,211.67438066792522,2000600
2023-08-22,209.0148162841797,211.07292046301802,208.22541078374041,210.76279380074735,1636200
2023-08-23,209.6914520263672,210.1989228898808,208.0374431738674,209.40951739561916,2026500
2023-08-24,209.11819458007812,210.73460453443244,209.08059564730266,209.8418091284061,1738900
2023-08-25,210.67820739746094,211.8999146037399,208.89264525429343,209.78542632587718,1609900
2023-08-28,211.01651000976562,213.56329978424722,210.38686415801925,210.42446308815383,1731300
2023-08-29,209.98277282714844,211.67436622034379,209.56927062661285,210.91313843856295,2362100
2023-08-30,210.69174194335938,211.8449753009207,209.51959910119737,210.61611842866725,2690700
2023-08-31,208.49868774414062,211.58026980044122,208.4703163094622,210.7011591892486,2410300
2023-09-01,208.93353271484375,210.22855113413934,207.68578079470205,209.51014938761597,2303700
2023-09-05,203.90469360351562,207.7897633224909,203.4036860161169,207.4589122489411,2679700
2023-09-06,201.1822967529297,204.35841212231432,200.11413448393387,204.0181135318906,2344800
2023-09-07,199.0459747314453,202.02357640174608,198.41262966250014,200.79471965296622,2882100
2023-09-08,200.20867919921875,200.55842534017688,197.5997183786767,198.8096802116754,3188200
2023-09-11,200.02903747558594,201.16336115517666,198.55441524974722,200.87977662935194,1943900
2023-09-12,202.1653289794922,203.14841999004003,195.53897709295293,199.49020734368608,2828200
2023-09-13,200.52059936523438,202.29770131937732,199.24447610688992,202.19372079889217,2919700
2023-09-14,203.89520263671875,204.70813727369702,200.15193294920655,202.42058037050435,2798700
2023-09-15,201.6454620361328,202.48675367299634,200.57729989065015,201.39968204586836,4222800
2023-09-18,201.48475646972656,202.69470368864805,200.2748092508051,202.458385647082,2206800
2023-09-19,200.1802978515625,201.82506224854416,198.4126290292732,201.01212757951893,2156000
2023-09-20,201.32406616210938,203.13898702862292,201.24844265637438,201.45640369121844,2116800
2023-09-21,199.83055114746094,201.61711515222032,199.3201104705483,200.4544343043509,2370300
2023-09-22,197.7887420654297,201.37131702634042,197.32555353764485,199.17829322507643,2416500
2023-09-25,197.0703582763672,198.0439875579292,195.794249369555,196.56936512852303,1427400
2023-09-26,193.62957763671875,196.84351216350237,193.42161657342115,196.01166791031187,1990200
2023-09-27,191.3230743408203,194.30069022008203,190.43453064989873,193.97930115589497,2760800
2023-09-28,192.93951416015625,193.6106637854286,190.55742411774665,191.35144932398003,2112600
2023-09-29,192.4857940673828,194.61265664296863,192.20220950589606,194.61265664296863,2246700
2023-10-02,191.54994201660156,191.9753115862969,189.17731418549937,190.84098792587335,1888000
2023-10-03,192.62757873535156,193.91314957753391,190.5668921453426,190.8882812499607,2087500
2023-10-04,191.2001953125,193.78078415554293,190.33054669493958,192.36287597879507,1911900
2023-10-05,189.65940856933594,191.34199188653366,188.59124639625662,191.10567384284062,2037200
2023-10-06,191.37979125976562,193.0340173962782,188.42108504001683,188.89372107902042,1760500
2023-10-09,193.1190948486328,193.45939338498886,189.79173298467455,190.4345255194394,1557700
2023-10-10,195.05691528320312,195.70914095533973,193.00566201052496,193.79970158408457,1972900
2023-10-11,198.015625,198.450456577279,195.67135388103023,195.89822441139881,2851100
2023-10-12,196.60720825195312,198.61118108954076,194.54650695543307,198.50720055039923,1851200
2023-10-13,196.38031005859375,198.92309472045528,195.69026535430703,197.45791984730985,1874600
2023-10-16,199.291748046875,201.63601916292848,197.30667057382112,197.76041163399384,2358900
2023-10-17,199.77383422851562,201.7021976994149,198.10071272794434,198.4126398781655,2479900
2023-10-18,194.65045166015625,198.88526712031177,194.22508205059958,198.63950153836353,3487200
2023-10-19,198.81912231445312,208.05443661839823,198.6395182717149,206.6081711698469,6031000
2023-10-20,199.77383422851562,203.19572958806518,198.5166204028092,200.86090597228323,5485700
2023-10-23,196.38973999023438,200.05740060942694,196.12506493768527,198.7812774160085,2576500
2023-10-24,194.19674682617188,197.6280899474141,193.08131799342553,197.04201130361415,2937500
2023-10-25,193.98876953125,195.74697646811396,191.25693334467363,192.69375118281323,2457300
2023-10-26,191.171875,195.00021627313706,190.86938094084758,193.1569381742728,2626300
2023-10-27,190.68031311035156,192.8638896277584,189.02608672762403,191.47433831237052,2427600
2023-10-30,194.53704833984375,195.70917679751378,191.3325757190624,192.11715348357018,2230100
2023-10-31,196.2479705810547,196.53155513816904,193.44051087067126,195.09473729284352,2057800
2023-11-01,196.20071411132812,196.98529184250037,194.21565095749816,195.72807796655283,2444200
2023-11-02,199.8210906982422,200.31263628313695,196.38030045139712,197.15543058233538,1776600
2023-11-03,200.52059936523438,201.7305466452204,199.99124923320417,201.34298157580207,1634800
2023-11-06,201.4375,201.52257103141534,197.89272945394447,200.3976948703404,1547200
2023-11-07,199.84002685546875,201.22011638073968,199.35792873573195,201.0877788314163,2324200
2023-11-08,200.39772033691406,201.31463558857882,199.4808050852493,200.48279137914025,2483100
2023-11-09,198.72457885742188,201.2012019328597,198.04398169113313,201.1539354361461,1496400
2023-11-10,199.91563415527344,200.32209430104004,197.0892649237829,199.669854138103,2673600
2023-11-13,197.9400177001953,199.55643971106534,196.74897977156698,199.55643971106534,2185100
2023-11-14,203.88575744628906,205.40764622284323,200.84197989318073,200.8514274223823,2610400
2023-11-15,206.14495849609375,208.33798245071463,203.99918661144872,204.5190891945621,2709700
2023-11-16,207.3549041748047,207.6857552044051,204.9255477699945,206.40963200304202,1438200
2023-11-17,207.213134765625,209.17928833849612,205.90865445450171,208.70665221692502,2002600
2023-11-20,208.9997100830078,209.5479553209514,205.0484643916764,207.01463249507762,2548000
2023-11-21,209.8504180908203,210.79569024438257,207.10913461497313,208.99967892209764,2422300
2023-11-22,211.25889587402344,212.00565458928696,209.96386311080838,210.5499417015275,1716200
2023-11-24,212.00564575195312,212.676795353705,210.91858850225654,211.09819252626235,1045600
2023-11-27,207.818115234375,211.8260604454617,207.3643741577269,211.49522380374648,2369200
2023-11-28,209.12255859375,210.49320035854478,207.46833229258525,207.68575527723715,1827600
2023-11-29,209.3494415283203,211.62755105991786,208.76337736243744,210.6350123355898,1228900
2023-11-30,212.9414825439453,213.2912286588015,208.57431496650355,210.08675632709364,4430100
2023-12-01,218.7076416015625,219.63401881592378,213.85840464003522,214.96437147068917,3239000
2023-12-04,221.09915161132812,221.86483417392324,217.93249854162963,218.13099761719587,3881900
2023-12-05,219.46383666992188,220.37130429414464,218.26333698253913,220.04990079624181,2632400
2023-12-06,220.22007751464844,221.18425924950546,219.15191525521163,220.36186258284363,1804900
2023-12-07,220.04898071289062,221.3892826853522,219.1459213459142,220.93300998205993,2075100
2023-12-08,218.41397094726562,221.40828118183816,218.16681176922128,220.19154439724738,2544800
2023-12-11,220.56228637695312,220.856962800926,218.1953454315893,218.55656917950327,1810200
2023-12-12,221.39878845214844,222.948218370461,221.0375647205021,221.56988526946694,2427500
2023-12-13,224.99197387695312,225.10603842548974,220.1155113619463,221.41779663989803,3926700
2023-12-14,230.85702514648438,232.9578057370918,227.2258157061047,227.81518303954036,4863600
2023-12-15,230.02053833007812,230.8570504403831,225.66689544499377,225.89503906725392,4768500
2023-12-18,229.18402099609375,231.83612329257187,229.03192526101284,231.03764244036853,2457600
2023-12-19,230.65740966796875,231.3988582667828,228.13838744182448,229.40265607945568,2314200
2023-12-20,226.08511352539062,230.15357982544543,225.95203339425413,228.34749025935767,2724800
2023-12-21,230.14410400390625,230.3627325632626,225.85700870746388,226.3512981021262,2603100
2023-12-22,231.5414581298828,232.8437434762982,230.35323733800064,230.9901219418917,1824800
2023-12-26,233.1669158935547,234.25057258188437,231.57945479339216,231.57945479339216,1454100
2023-12-27,233.66122436523438,234.5072369324002,232.23535951014725,232.55855206285165,2206000
2023-12-28,233.86083984375,234.78290022983091,233.08136013401287,233.87984093083142,1208500
2023-12-29,233.48060607910156,234.3551347589614,232.63459353518795,233.83232926351636,1228700
